[1,["ecpdLyjvZBwrvm+cedCcQy","e7q6FL+VZEgLJUjVeDLic/","1aMvx28L1PZpgPVpKcDKCz","31dyOYhK5DH6xtK1ew1mdi","1b36c3b69","76OlHWMbZC75J0XVSi3dgZ","e97GVMl6JHh5Ml5qEDdSGa","f0BIwQ8D5Ml7nTNQbh1YlS","29FYIk+N1GYaeWH/q1NxQO","9dYAAftfRHJqYpJlnj3tC4","71VhFCTINJM6/Ky3oX9nBT","78/dcSo/JEdafSAhXCTM6e","a2MjXRFdtLlYQ5ouAFv/+R","7a/QZLET9IDreTiBfRn2PD","93u2P5heJI+qXs6oddCrFt","58MfI42OJASKcPaEj0RgZp","02delMVqdBD70a/HSD99FK","56fc2Ai/RFNYpaMT8crweK","b4P/PCArtIdIH38t6mlw8Y","e8Ueib+qJEhL6mXAHdnwbi"],["node","_spriteFrame","_parent","checkMark","_N$target","_textureSetter","_N$normalSprite","_N$pressedSprite","_N$hoverSprite","_N$disabledSprite","root","toggle_gameIndex","toggle_gameMode","toggle_titleAudio","toggle_replay","toggle_stars","data","_N$skeletonData"],[["cc.Node",["_name","_active","_objFlags","_opacity","_prefab","_components","_contentSize","_parent","_children","_trs","_color","_anchorPoint"],-1,4,9,5,1,2,7,5,5],"cc.SpriteFrame",["cc.Widget",["_alignFlags","_originalWidth","_originalHeight","alignMode","_left","_top","_bottom","_right","node"],-5,1],["cc.Sprite",["_sizeMode","_isTrimmedMode","_type","node","_materials","_spriteFrame"],0,1,3,6],["cc.Label",["_string","_N$verticalAlign","_lineHeight","_N$horizontalAlign","_fontSize","_enableWrapText","_N$overflow","node","_materials"],-4,1,3],["cc.Layout",["_N$layoutType","_N$spacingX","_resize","node","_layoutSize"],0,1,5],["cc.Node",["_name","_children","_components","_prefab","_contentSize","_trs","_parent","_anchorPoint"],2,2,12,4,5,7,1,5],["cc.Node",["_name","_objFlags","_active","_parent","_components","_prefab","_contentSize"],0,1,2,4,5],["cc.PrefabInfo",["fileId","root"],2,1],["cc.Toggle",["_N$transition","_N$isChecked","node","_N$normalColor","_N$target","checkMark"],1,1,5,1,1],["cc.Prefab",["_name"],2],["70c27EBmWdPJYtgMQ9dyPZS",["node","toggle_stars","toggle_replay","toggle_titleAudio","toggle_gameMode","toggle_gameIndex"],3,1,1,1,1,1,1],["cc.BlockInputEvents",["node"],3,1],["cc.Button",["_N$transition","node","clickEvents","_N$normalColor","_N$pressedColor","_N$disabledColor","_N$target","_N$normalSprite","_N$pressedSprite","_N$hoverSprite","_N$disabledSprite"],2,1,9,5,5,5,1,6,6,6,6],["cc.ClickEvent",["_componentId","handler","target"],1,1],["75b2dk5WVVO7LtxMPb6Uw7K",["node"],3,1],["cc.ToggleContainer",["node","checkEvents"],3,1,9],["sp.Skeleton",["defaultSkin","defaultAnimation","_preCacheMode","_animationName","node","_materials","_N$skeletonData"],-1,1,3,6],["sp.SkeletonData",["_name","_atlasText","textureNames","_skeletonJson","textures"],-1,3]],[[8,0,1,2],[0,0,7,5,4,10,6,9,2],[3,0,1,3,4,5,3],[4,0,4,2,3,1,7,8,6],[0,0,8,5,4,6,9,2],[0,0,2,7,8,5,4,6,9,3],[3,0,1,3,4,3],[14,0,1,2,3],[0,0,7,8,5,4,6,9,2],[7,0,1,2,3,4,5,6,4],[5,2,0,1,3,4,4],[9,0,1,2,3,4,5,3],[0,0,2,7,5,4,6,3],[5,2,0,3,4,3],[4,0,2,3,1,7,8,5],[7,0,1,3,4,5,6,3],[9,0,2,3,4,5,2],[16,0,1,1],[0,0,7,5,4,6,2],[2,0,4,8,3],[3,0,3,4,5,2],[3,0,1,3,3],[0,0,8,5,4,6,2],[0,0,7,8,5,4,6,11,9,2],[6,0,6,1,2,3,4,7,5,2],[3,2,0,3,4,5,3],[4,0,4,2,5,3,1,6,7,8,8],[13,0,1,2,3,4,5,6,7,8,9,10,2],[0,0,7,5,4,10,6,2],[6,0,1,2,3,4,5,2],[12,0,1],[2,3,0,4,7,1,2,8,7],[2,0,8,2],[2,0,1,2,8,4],[5,0,1,3,3],[10,0,2],[0,0,7,8,5,4,10,6,2],[0,0,8,5,4,10,6,9,2],[0,0,1,8,5,4,6,3],[0,0,7,5,4,10,6,11,9,2],[0,0,7,8,4,9,2],[0,0,7,8,4,2],[0,0,1,7,8,5,4,6,3],[0,0,3,7,8,5,4,10,3],[0,0,1,7,5,4,10,6,9,3],[0,0,3,7,5,4,10,6,3],[11,0,1,2,3,4,5,1],[8,1,1],[2,0,5,6,1,2,8,6],[2,3,0,1,2,8,5],[4,0,1,7,8,3],[15,0,1],[17,0,1,2,3,4,5,6,5],[18,0,1,2,3,4,5]],[[[{"name":"default_radio_button_on","rect":[1,1,30,30],"offset":[0,0],"originalSize":[32,32],"capInsets":[0,0,0,0]}],[1],0,[0],[5],[9]],[[{"name":"default_btn_disabled","rect":[0,0,40,40],"offset":[0,0],"originalSize":[40,40],"capInsets":[12,12,12,12]}],[1],0,[0],[5],[10]],[[{"name":"btn01","rect":[3,477,50,50],"offset":[0,0],"originalSize":[50,50],"capInsets":[24,23,24,23]}],[1],0,[0],[5],[4]],[[[35,"TeacherPanel"],[22,"TeacherPanel",[-9,-10],[[46,-7,-6,-5,-4,-3,-2],[30,-8]],[47,-1],[5,2048,1152]],[22,"node_center",[-12,-13,-14,-15,-16,-17,-18],[[48,45,80,80,2048,800,-11]],[0,"59b6RM2MRJkYKI7yNbwW9P",1],[5,2048,992]],[29,"New ToggleContainer",[-21,-22,-23,-24],[[-19,[34,1,250,-20]],1,4],[0,"a2fQJIPHVPhI0M384S5hS9",1],[5,221,61],[-474.77,0,0,0,0,0,1,1,1,1]],[4,"toggle1",[-29,-30],[[16,3,-27,[4,4292269782],-26,-25],[13,1,1,-28,[5,72,63]]],[0,"3b/yadFA1Lt4x3fIKMOKHD",1],[5,72,63],[36,3,0,0,0,0,1,1,1,0]],[4,"toggle1",[-35,-36],[[11,3,false,-33,[4,4292269782],-32,-31],[13,1,1,-34,[5,72,63]]],[0,"05947k6TlGx7eYE2f33suh",1],[5,72,63],[138,3,0,0,0,0,1,1,1,0]],[4,"toggle1",[-41,-42],[[16,3,-39,[4,4292269782],-38,-37],[13,1,1,-40,[5,72,63]]],[0,"73nrFqsppKY4ytOIb8/FAa",1],[5,72,63],[36,3,0,0,0,0,1,1,1,0]],[4,"toggle1",[-47,-48],[[11,3,false,-45,[4,4292269782],-44,-43],[13,1,1,-46,[5,72,63]]],[0,"b2xRqiRYVCqYL9guZ8GjUa",1],[5,72,63],[138,3,0,0,0,0,1,1,1,0]],[4,"toggle1",[-53,-54],[[16,3,-51,[4,4292269782],-50,-49],[13,1,1,-52,[5,72,63]]],[0,"e5AuXNFzxHI4Ilot/ajsLs",1],[5,72,63],[36,3,0,0,0,0,1,1,1,0]],[4,"toggle1",[-59,-60],[[11,3,false,-57,[4,4292269782],-56,-55],[13,1,1,-58,[5,72,63]]],[0,"cafzn7oG1G2JwKl25/MqEG",1],[5,72,63],[138,3,0,0,0,0,1,1,1,0]],[4,"toggle1",[-64,-65,-66],[[16,3,-63,[4,4292269782],-62,-61]],[0,"79B0pf3xVGuZ3pc93Ev3j8",1],[5,50,50],[-85.5,0,0,0,0,0,1,1,1,0]],[4,"toggle2",[-70,-71,-72],[[11,3,false,-69,[4,4292269782],-68,-67]],[0,"450LUuq0tC6qzp5NQYEqi8",1],[5,50,50],[244.5,0,0,0,0,0,1,1,1,0]],[8,"toggle1",3,[-76,-77,-78],[[16,3,-75,[4,4292269782],-74,-73]],[0,"feHvggWLRBdo+OJ7JweibT",1],[5,50,50],[-85.5,0,0,0,0,0,1,1,1,0]],[8,"toggle2",3,[-82,-83,-84],[[11,3,false,-81,[4,4292269782],-80,-79]],[0,"d3IClFRW9BO6rXzjw+Oj82",1],[5,50,50],[214.5,0,0,0,0,0,1,1,1,0]],[8,"toggle2 copy",3,[-88,-89,-90],[[11,3,false,-87,[4,4292269782],-86,-85]],[0,"105dlA0AFPZqbDKU7o4mKJ",1],[5,50,50],[514.5,0,0,0,0,0,1,1,1,0]],[8,"toggle2 copy",3,[-94,-95,-96],[[11,3,false,-93,[4,4292269782],-92,-91]],[0,"a7YVC+w6BD25Ub+OEOu8yn",1],[5,50,50],[814.5,0,0,0,0,0,1,1,1,0]],[36,"bg",1,[-98,2,-99],[[20,0,-97,[76],77]],[0,"3cXgzTM4dJeZv4LsxNnbZA",1],[4,4293914607],[5,2048,1152]],[37,"Background",[-102],[[25,1,0,-100,[5],6],[49,0,45,100,40,-101]],[0,"a5/Hi5mCNLWpRrp9pJAzzg",1],[4,4292407642],[5,160,80],[0,0,0,0,0,0,1,1,1,0]],[4,"Background",[-105],[[25,1,0,-103,[12],13],[31,0,45,-0.5,-0.5,100,40,-104]],[0,"edO36nhI9JLrsP9kJ3mOU4",1],[5,161,80],[0,0,0,0,0,0,1,1,1,0]],[23,"node_star",2,[-108,-109],[[10,1,1,20,-106,[5,509.67,60]],[19,9,20,-107]],[0,"3aafHjbLNCMpxWzebkwD1S",1],[5,509.67,60],[0,0,0.5],[-1004,466,0,0,0,0,1,1,1,1]],[24,"toggleContainer_star",19,[4,5],[[-110,[10,1,1,30,-111,[5,174,63]]],1,4],[0,"0ds0pjjqtKL7sVkdSTtC+K",1],[5,174,63],[0,0,0.5],[335.67,-2.52,0,0,0,0,1,1,1,1]],[23,"node_replay",2,[-114,-115],[[10,1,1,20,-112,[5,369,60]],[19,9,610,-113]],[0,"2f5yIeC5RKuqS6ll3UEAdL",1],[5,369,60],[0,0,0.5],[-414,466,0,0,0,0,1,1,1,1]],[24,"toggleContainer_replay",21,[6,7],[[-116,[10,1,1,30,-117,[5,174,63]]],1,4],[0,"49YFy0WH1PYLb/Fnqw9ggy",1],[5,174,63],[0,0,0.5],[195,-2.52,0,0,0,0,1,1,1,1]],[23,"node_titleAudio",2,[-120,-121],[[10,1,1,20,-118,[5,579,60]],[19,9,1037.804,-119]],[0,"bfdBFGKKRE4JrIlHh0gejk",1],[5,579,60],[0,0,0.5],[13.804000000000087,466,0,0,0,0,1,1,1,1]],[24,"toggleContainer_titleAudio",23,[8,9],[[-122,[10,1,1,30,-123,[5,174,63]]],1,4],[0,"4eiAxtNs9OC6WgnTVbU23h",1],[5,174,63],[0,0,0.5],[405,-2.52,0,0,0,0,1,1,1,1]],[29,"New ToggleContainer",[10,11],[[-124,[34,1,280,-125]],1,4],[0,"b9XWUyrPhEMZHHFl3NgbkG",1],[5,221,61],[-378.082,0,0,0,0,0,1,1,1,1]],[22,"Background",[-128],[[25,1,0,-126,[70],71],[31,0,45,-0.5,-0.5,100,40,-127]],[0,"07kfEepqBJ/btKbJNsKVkm",1],[5,161,60]],[5,"node_top",512,16,[-130,-131],[[32,41,-129]],[0,"11A2JQ0iBOaJWgLEqv2iug",1],[5,2048,80],[0,536,0,0,0,0,1,1,1,1]],[8,"New Node",2,[-133,-134],[[10,1,1,200,-132,[5,520,200]]],[0,"cbbAchvDROpKeDAxhzqCrv",1],[5,520,200],[0,-376.351,0,0,0,0,1,1,1,1]],[5,"node_bottom",512,16,[-136,-137],[[32,44,-135]],[0,"50fwDQYrpJfI3gy1OxXfhZ",1],[5,2048,80],[0,-536,0,0,0,0,1,1,1,1]],[38,"_nd_panel",false,[-139,-140],[[30,-138]],[0,"3a+UBTC8VA5rfwrJ4q+FH5",1],[5,2048,1152]],[28,"singleColor",27,[[20,0,-141,[0],1],[33,45,2,2,-142]],[0,"7de09oS+FA7r4+M2OExt8d",1],[4,4292335575],[5,2048,80]],[39,"label_title",27,[[50,"题目信息",1,-143,[2]],[19,8,20,-144]],[0,"65+vniGBhLeLhqj+2t91Fq",1],[4,4278190080],[5,160,50.4],[0,0,0.5],[-1004,0,0,0,0,0,1,1,1,1]],[8,"_btn_save",28,[17],[[27,3,-145,[[7,"70c27EBmWdPJYtgMQ9dyPZS","onBtnSaveClicked",1]],[4,4293322470],[4,4291348680],[4,3363338360],17,7,8,9,10]],[0,"08eTXfDsxJP5XWwX4r1ICd",1],[5,160,80],[-180,0,0,0,0,0,1,1,1,1]],[8,"_btn_view",28,[18],[[27,3,-146,[[7,"70c27EBmWdPJYtgMQ9dyPZS","onBtnViewClicked",1]],[4,4293322470],[4,4291348680],[4,3363338360],18,14,15,16,17]],[0,"06o5QRCT1AVZLMXv9lOb1a",1],[5,160,80],[180,0,0,0,0,0,1,1,1,1]],[5,"Background",512,4,[-148],[[2,2,false,-147,[20],21]],[0,"33i+1wKb9C8aVmGpFeXuQP",1],[5,32,32],[-20,0,0,0,0,0,1,1,1,1]],[5,"Background",512,5,[-150],[[2,2,false,-149,[24],25]],[0,"79TjD7xf9KqYH8NsCIWFdp",1],[5,32,32],[-20,0,0,0,0,0,1,1,1,1]],[5,"Background",512,6,[-152],[[2,2,false,-151,[29],30]],[0,"85X52AUQRKGpWuUnQt4UKz",1],[5,32,32],[-20,0,0,0,0,0,1,1,1,1]],[5,"Background",512,7,[-154],[[2,2,false,-153,[33],34]],[0,"e7bK7AmEVO5pG/bw1DlVVI",1],[5,32,32],[-20,0,0,0,0,0,1,1,1,1]],[5,"Background",512,8,[-156],[[2,2,false,-155,[38],39]],[0,"70ZzOg6KVJD6OBMhr/+x3S",1],[5,32,32],[-20,0,0,0,0,0,1,1,1,1]],[5,"Background",512,9,[-158],[[2,2,false,-157,[42],43]],[0,"cf2dAMQr5JHJjWXdBUM79k",1],[5,32,32],[-20,0,0,0,0,0,1,1,1,1]],[40,"New Node copy",2,[-159,25],[0,"05DJU/tPFLQJTGORUK0oye",1],[0,146.331,0,0,0,0,1,1,1,1]],[41,"New Node",2,[-160,3],[0,"9eqngOmlhMB5vhSTzyJXCW",1]],[28,"singleColor",29,[[20,0,-161,[67],68],[33,45,2,2,-162]],[0,"77PwX0fu5JfoFenvb8ob9j",1],[4,4292335575],[5,2048,80]],[42,"btnView",false,29,[26],[[27,3,-163,[[7,"70c27EBmWdPJYtgMQ9dyPZS","onBtnViewClicked",1]],[4,4293322470],[4,4291348680],[4,3363338360],26,72,73,74,75]],[0,"e76Cos7ctI5r1e3xMvtuls",1],[5,160,60]],[43,"nd_loading",150,1,[30],[[51,-164]],[0,"c2d/qF5qZDY6vvhJG1XOsJ",1],[4,4278190080]],[44,"label",false,2,[[3,"非配置型课件，直接保存即可。",50,60,1,1,-165,[3]]],[0,"d8M7uIKwFKybNdtR6eBdZM",1],[4,4278190080],[5,700,75.6],[0,136.14500427246094,0,0,0,0,1,1,1,1]],[18,"Label",17,[[26,"保存",45,50,false,1,1,1,-166,[4]]],[0,"a2Bwp2OHlN9IUAJcFtYnbM",1],[5,100,50]],[18,"Label",18,[[26,"预览",45,50,false,1,1,1,-167,[11]]],[0,"ceAuNjA8JFTZpXoSI4ZCKl",1],[5,100,50]],[1,"New Label",19,[[3,"星级评判OverTips：",35,45,1,1,-168,[18]]],[0,"fe9FFJp9hGTrmtaH674fUn",1],[4,4278190080],[5,315.67,56.7],[157.835,0,0,0,0,0,1,1,1,1]],[15,"checkmark",512,35,[-169],[0,"c90/SHaqRL4raNTl4Vh+OE",1],[5,32,32]],[6,2,false,50,[19]],[1,"New Label",4,[[14,"开",50,1,1,-170,[22]]],[0,"fdCyc5ldFA0ZHeftsVKF4o",1],[4,4278190080],[5,40,63],[16,0,0,0,0,0,1,1,1,1]],[9,"checkmark",512,false,36,[-171],[0,"d0spGOgfBMNLFBGLUsJMXB",1],[5,32,32]],[6,2,false,53,[23]],[1,"New Label",5,[[14,"关",50,1,1,-172,[26]]],[0,"5e5qmNMz1DbYtTYSwd6QQv",1],[4,4278190080],[5,40,63],[16,0,0,0,0,0,1,1,1,1]],[17,20,[[7,"70c27EBmWdPJYtgMQ9dyPZS","onToggleStar",1]]],[1,"New Label",21,[[3,"再玩一次：",35,45,1,1,-173,[27]]],[0,"a0QZG99uRC2LybxkhOwwUl",1],[4,4278190080],[5,175,56.7],[87.5,0,0,0,0,0,1,1,1,1]],[15,"checkmark",512,37,[-174],[0,"5d7yJPUHFBD6xBEZqGBsxG",1],[5,32,32]],[6,2,false,58,[28]],[1,"New Label",6,[[14,"是",50,1,1,-175,[31]]],[0,"34LLLB/tFG3qh+b7cdrXAM",1],[4,4278190080],[5,40,63],[16,0,0,0,0,0,1,1,1,1]],[9,"checkmark",512,false,38,[-176],[0,"b1Xi0uDhxPko+JBquoAGk5",1],[5,32,32]],[6,2,false,61,[32]],[1,"New Label",7,[[14,"否",50,1,1,-177,[35]]],[0,"d6g4FPiZ1ACoTBBvzRpBdd",1],[4,4278190080],[5,40,63],[16,0,0,0,0,0,1,1,1,1]],[17,22,[[7,"70c27EBmWdPJYtgMQ9dyPZS","onToggleReplay",1]]],[1,"New Label",23,[[3,"是否自动播放题干语音：",35,45,1,1,-178,[36]]],[0,"e4m8mcj+RKvpFvYFuVgVqj",1],[4,4278190080],[5,385,56.7],[192.5,0,0,0,0,0,1,1,1,1]],[15,"checkmark",512,39,[-179],[0,"69N4f0+xNES6zntNyHUX8u",1],[5,32,32]],[6,2,false,66,[37]],[1,"New Label",8,[[14,"是",50,1,1,-180,[40]]],[0,"891WHUcgxCtKWtbdqyBNXu",1],[4,4278190080],[5,40,63],[16,0,0,0,0,0,1,1,1,1]],[9,"checkmark",512,false,40,[-181],[0,"0a7yYKRu1DSIFvoFru1fWP",1],[5,32,32]],[6,2,false,69,[41]],[1,"New Label",9,[[14,"否",50,1,1,-182,[44]]],[0,"61Gh1qi0lOjKxSzzeWwOAE",1],[4,4278190080],[5,40,63],[16,0,0,0,0,0,1,1,1,1]],[17,24,[[7,"70c27EBmWdPJYtgMQ9dyPZS","onToggleTitleAudio",1]]],[1,"New Label",41,[[3,"使用方式：",60,60,1,1,-183,[45]]],[0,"9eJSFqv9FL+ahHR6nxPWF4",1],[4,4278190080],[5,300,75.6],[-626.815,0,0,0,0,0,1,1,1,1]],[12,"Background",512,10,[[2,0,false,-184,[46],47]],[0,"ef1qudQx5I4bRNWm98xpdt",1],[5,50,50]],[15,"checkmark",512,10,[-185],[0,"ea+9ovLqhJg6OVUbY1d4oR",1],[5,50,50]],[6,0,false,75,[48]],[1,"New Label",10,[[3,"演示游戏",60,60,1,1,-186,[49]]],[0,"82odqiCRxHd6jF7G2H7G8m",1],[4,4278190080],[5,240,75.6],[160.735,0,0,0,0,0,1,1,1,1]],[12,"Background",512,11,[[2,0,false,-187,[50],51]],[0,"206IL4451Hxbg0HlKPB//u",1],[5,50,50]],[9,"checkmark",512,false,11,[-188],[0,"72TEd4+eJOiqC3XuJoeYBf",1],[5,50,50]],[21,2,false,79],[1,"New Label",11,[[3,"下发游戏",60,60,1,1,-189,[52]]],[0,"6aRaFQ78lL37Iya6iB/XWS",1],[4,4278190080],[5,240,75.6],[164.949,0,0,0,0,0,1,1,1,1]],[17,25,[[7,"70c27EBmWdPJYtgMQ9dyPZS","onToggleGameMode",1]]],[1,"New Label",42,[[3,"题目：",60,60,1,1,-190,[53]]],[0,"39oujxs4lEtapDfsUR8uUU",1],[4,4278190080],[5,180,75.6],[-682.359,0,0,0,0,0,1,1,1,1]],[12,"Background",512,12,[[2,0,false,-191,[54],55]],[0,"23NoStp4FCVI7z2rc7iVN3",1],[5,50,50]],[15,"checkmark",512,12,[-192],[0,"93bnHA411Lp7+vQs6r4Mae",1],[5,50,50]],[6,0,false,85,[56]],[1,"New Label",12,[[3,"第一题",60,60,1,1,-193,[57]]],[0,"4eI46VGaRIbbTAwj0bG4V1",1],[4,4278190080],[5,180,75.6],[148.542,0,0,0,0,0,1,1,1,1]],[12,"Background",512,13,[[2,0,false,-194,[58],59]],[0,"f0TNl15xRB6bhKu4hmvOAh",1],[5,50,50]],[9,"checkmark",512,false,13,[-195],[0,"65F3qc9tJAzrRYf6woHEoy",1],[5,50,50]],[21,2,false,89],[1,"New Label",13,[[3,"第二题",60,60,1,1,-196,[60]]],[0,"95tFhJmddI76frLdE44Dmf",1],[4,4278190080],[5,180,75.6],[149.272,0,0,0,0,0,1,1,1,1]],[12,"Background",512,14,[[2,0,false,-197,[61],62]],[0,"e3MzMB7tNNXLvXOqXyZrun",1],[5,50,50]],[9,"checkmark",512,false,14,[-198],[0,"435jAKls1K8K+5ydWZxtYw",1],[5,50,50]],[21,2,false,93],[1,"New Label",14,[[3,"第三题",60,60,1,1,-199,[63]]],[0,"0c4wH1+FVENbkvM5rHH0/E",1],[4,4278190080],[5,180,75.6],[149.272,0,0,0,0,0,1,1,1,1]],[12,"Background",512,15,[[2,0,false,-200,[64],65]],[0,"20ua3w/fZA1oCz+8kzFumR",1],[5,50,50]],[9,"checkmark",512,false,15,[-201],[0,"5dRxEHSbpA95hbs8F68y3y",1],[5,50,50]],[21,2,false,97],[1,"New Label",15,[[3,"第四题",60,60,1,1,-202,[66]]],[0,"e6xWwhJ7JEWaNqI70criYX",1],[4,4278190080],[5,180,75.6],[149.272,0,0,0,0,0,1,1,1,1]],[17,3,[[7,"70c27EBmWdPJYtgMQ9dyPZS","onToggleGameIndex",1]]],[18,"Label",26,[[26,"检测",45,50,false,1,1,1,-203,[69]]],[0,"2bXPmAUNlJ+qQAQr3fH4Sr",1],[5,100,50]],[45,"img_bg",150,30,[[20,0,-204,[78],79]],[0,"aefYLshfJBm7KFlC57tvR4",1],[4,4278190080],[5,2048,1152]],[18,"sp_loading",30,[[52,"default","animation",0,"animation",-205,[80],81]],[0,"e3+YmUkHpJZ6KxOVMLgzVn",1],[5,36,36]]],0,[0,10,1,0,11,100,0,12,82,0,13,72,0,14,64,0,15,56,0,0,1,0,0,1,0,-1,16,0,-2,45,0,0,2,0,-1,46,0,-2,28,0,-3,19,0,-4,21,0,-5,23,0,-6,41,0,-7,42,0,-1,100,0,0,3,0,-1,12,0,-2,13,0,-3,14,0,-4,15,0,3,51,0,4,4,0,0,4,0,0,4,0,-1,35,0,-2,52,0,3,54,0,4,5,0,0,5,0,0,5,0,-1,36,0,-2,55,0,3,59,0,4,6,0,0,6,0,0,6,0,-1,37,0,-2,60,0,3,62,0,4,7,0,0,7,0,0,7,0,-1,38,0,-2,63,0,3,67,0,4,8,0,0,8,0,0,8,0,-1,39,0,-2,68,0,3,70,0,4,9,0,0,9,0,0,9,0,-1,40,0,-2,71,0,3,76,0,4,10,0,0,10,0,-1,74,0,-2,75,0,-3,77,0,3,80,0,4,11,0,0,11,0,-1,78,0,-2,79,0,-3,81,0,3,86,0,4,12,0,0,12,0,-1,84,0,-2,85,0,-3,87,0,3,90,0,4,13,0,0,13,0,-1,88,0,-2,89,0,-3,91,0,3,94,0,4,14,0,0,14,0,-1,92,0,-2,93,0,-3,95,0,3,98,0,4,15,0,0,15,0,-1,96,0,-2,97,0,-3,99,0,0,16,0,-1,27,0,-3,29,0,0,17,0,0,17,0,-1,47,0,0,18,0,0,18,0,-1,48,0,0,19,0,0,19,0,-1,49,0,-2,20,0,-1,56,0,0,20,0,0,21,0,0,21,0,-1,57,0,-2,22,0,-1,64,0,0,22,0,0,23,0,0,23,0,-1,65,0,-2,24,0,-1,72,0,0,24,0,-1,82,0,0,25,0,0,26,0,0,26,0,-1,101,0,0,27,0,-1,31,0,-2,32,0,0,28,0,-1,33,0,-2,34,0,0,29,0,-1,43,0,-2,44,0,0,30,0,-1,102,0,-2,103,0,0,31,0,0,31,0,0,32,0,0,32,0,0,33,0,0,34,0,0,35,0,-1,50,0,0,36,0,-1,53,0,0,37,0,-1,58,0,0,38,0,-1,61,0,0,39,0,-1,66,0,0,40,0,-1,69,0,-1,73,0,-1,83,0,0,43,0,0,43,0,0,44,0,0,45,0,0,46,0,0,47,0,0,48,0,0,49,0,-1,51,0,0,52,0,-1,54,0,0,55,0,0,57,0,-1,59,0,0,60,0,-1,62,0,0,63,0,0,65,0,-1,67,0,0,68,0,-1,70,0,0,71,0,0,73,0,0,74,0,-1,76,0,0,77,0,0,78,0,-1,80,0,0,81,0,0,83,0,0,84,0,-1,86,0,0,87,0,0,88,0,-1,90,0,0,91,0,0,92,0,-1,94,0,0,95,0,0,96,0,-1,98,0,0,99,0,0,101,0,0,102,0,0,103,0,16,1,2,2,16,3,2,42,4,2,20,5,2,20,6,2,22,7,2,22,8,2,24,9,2,24,10,2,25,11,2,25,17,2,33,18,2,34,25,2,41,26,2,44,30,2,45,205],[0,0,0,0,0,0,0,0,0,0,0,0,0,0,0,0,0,0,0,0,0,0,0,0,0,0,0,0,0,0,0,0,0,0,0,0,0,0,0,0,0,0,0,0,0,0,0,0,0,0,0,0,0,0,0,0,0,0,0,0,0,0,0,0,0,0,0,0,0,0,0,0,0,0,0,0,0,0,0,0,0,0,51,54,59,62,67,70,76,80,86,90,94,98],[-1,1,-1,-1,-1,-1,1,6,7,8,9,-1,-1,1,6,7,8,9,-1,-1,-1,1,-1,-1,-1,1,-1,-1,-1,-1,1,-1,-1,-1,1,-1,-1,-1,-1,1,-1,-1,-1,1,-1,-1,-1,1,-1,-1,-1,1,-1,-1,-1,1,-1,-1,-1,1,-1,-1,1,-1,-1,1,-1,-1,1,-1,-1,1,6,7,8,9,-1,1,-1,1,-1,17,1,1,1,1,1,1,1,1,1,1,1,1],[0,5,0,0,0,0,3,3,6,7,8,0,0,11,3,6,7,8,0,0,0,1,0,0,0,1,0,0,0,0,1,0,0,0,1,0,0,0,0,1,0,0,0,1,0,0,0,1,0,0,0,1,0,0,0,1,0,0,0,1,0,0,1,0,0,1,0,0,5,0,0,3,3,6,7,8,0,5,0,12,13,14,2,2,2,2,2,2,2,2,2,2,2,2]],[[{"name":"singleColor","rect":[115,477,2,2],"offset":[0,0],"originalSize":[2,2],"capInsets":[0,0,0,0]}],[1],0,[0],[5],[4]],[[{"name":"btn02","rect":[59,477,50,50],"offset":[0,0],"originalSize":[50,50],"capInsets":[20,19,22,22]}],[1],0,[0],[5],[4]],[[[53,"loading_01","\nloading_01.png\nsize: 64,64\nformat: RGBA8888\nfilter: Linear,Linear\nrepeat: none\npoint_01\n  rotate: false\n  xy: 2, 2\n  size: 36, 36\n  orig: 36, 36\n  offset: 0, 0\n  index: -1\n",["loading_01.png"],{"skeleton":{"hash":"mMZ8e6FVoAMlIt+9ONbFwQhzRlg","spine":"3.7.94","width":36,"height":36,"images":"../images/","audio":""},"bones":[{"name":"root"},{"name":"point_01","parent":"root","length":51.21,"rotation":90},{"name":"point_1","parent":"root","length":51.21,"rotation":90},{"name":"point_2","parent":"root","length":51.21,"rotation":90},{"name":"point_3","parent":"root","length":51.21,"rotation":90},{"name":"point_4","parent":"root","length":51.21,"rotation":90}],"slots":[{"name":"point_01","bone":"point_01","attachment":"point_01"},{"name":"point_1","bone":"point_1","attachment":"point_01"},{"name":"point_2","bone":"point_2","attachment":"point_01"},{"name":"point_3","bone":"point_3","attachment":"point_01"},{"name":"point_4","bone":"point_4","attachment":"point_01"}],"skins":{"default":{"point_01":{"point_01":{"x":100,"rotation":-90,"width":36,"height":36}},"point_1":{"point_01":{"x":100,"scaleX":0.8,"scaleY":0.8,"rotation":-90,"width":36,"height":36}},"point_2":{"point_01":{"x":100,"scaleX":0.7,"scaleY":0.7,"rotation":-90,"width":36,"height":36}},"point_3":{"point_01":{"x":100,"scaleX":0.6,"scaleY":0.6,"rotation":-90,"width":36,"height":36}},"point_4":{"point_01":{"x":100,"scaleX":0.5,"scaleY":0.5,"rotation":-90,"width":36,"height":36}}}},"animations":{"animation":{"bones":{"point_01":{"rotate":[{"time":0,"angle":0},{"time":0.6667,"angle":-179.99},{"time":0.8333,"angle":88.73},{"time":1,"angle":0}]},"point_1":{"rotate":[{"time":0.1,"angle":0},{"time":0.7667,"angle":-179.99},{"time":0.9333,"angle":90},{"time":1.1,"angle":0}]},"point_4":{"rotate":[{"time":0.4,"angle":0},{"time":1.0667,"angle":-179.99},{"time":1.2333,"angle":90},{"time":1.4,"angle":0}]},"point_3":{"rotate":[{"time":0.3,"angle":0},{"time":0.9667,"angle":-179.99},{"time":1.1333,"angle":90},{"time":1.3,"angle":0}]},"point_2":{"rotate":[{"time":0.2,"angle":0},{"time":0.8667,"angle":-179.99},{"time":1.0333,"angle":90},{"time":1.2,"angle":0}]}}}}},[0]]],0,0,[0],[-1],[15]],[[{"name":"default_sprite_splash","rect":[0,0,2,2],"offset":[0,0],"originalSize":[2,2],"capInsets":[0,0,0,0]}],[1],0,[0],[5],[16]],[[{"name":"default_radio_button_off","rect":[3,3,26,26],"offset":[0,0],"originalSize":[32,32],"capInsets":[0,0,0,0]}],[1],0,[0],[5],[17]],[[{"name":"default_btn_pressed","rect":[0,0,40,40],"offset":[0,0],"originalSize":[40,40],"capInsets":[12,12,12,12]}],[1],0,[0],[5],[18]],[[{"name":"default_btn_normal","rect":[0,0,40,40],"offset":[0,0],"originalSize":[40,40],"capInsets":[12,12,12,12]}],[1],0,[0],[5],[19]]]]