{"paths":{"0":["audios/absorb_water2",0],"1":["audios/click_bubble1",0],"2":["audios/right_metal",0],"3":["audios/wrong_bass",0],"4":["prefab/ui/Item/levelProgress",1],"5":["prefab/ui/Item/titleBoard",1],"6":["prefab/ui/panel/GamePanel",1]},"types":["cc.AudioClip","cc.Prefab"],"uuids":["76CyNXfPdKvpJqx9lAkN3t","a8hreOaEZDu7Hf+ciQt46/","c8ttlWk39L6oc+sDHuEojy","46K81naUFCk5ZmIZhPx83u","07P9T3TBFNdbKyrQ+qqpoR","0fXsoQE5xNN49CN5F+6BzR","32+FX7rEVKcJkkZSzITPiN","2auoJYJ4pJ2I0/n84Jc4xZ","2aN1fdLhBG8r9XFUq/ZcP2","0avkUp6mlD4bhgo4kLDGq/","02eKutElZC5aE4x8DEkXHg","ae/Th9eehO6bu0GoXAcR16","b3FxTEXkVF0o3F0iADHyj8","2bBSowcjJDWo7r+aPDJxXU","2fI5kKzKlEeJjZIkQI1nvt","68eQHuFTNLU7UMDKrTTyLz","faJACI3TJC5qhDYz//geMe","02aqH9xNxO75ASF/TyyeGy","08Yphl2cxBa5U14KMt8kr3","fdb5j50IlFTZKo3+bUcdIj","e5ZioMkCBGxosUG+T3cN5M","47KMlZGWRMebxqWPpwAklY","bawnyTUlNM7oqpEzfDiQ98","fcyB5h3sBKdai9BNWIPaSh","ad7eSj68FFirfYvrsoMUNw","aad9j3GmFJdL0Y/ggryBs1","0dZf11s/pMFYp0a9Gi6GRZ","43J5KBOxBHfKlumhSDziVW","17skZSP51OhbnkIdlU+czd","6ehGyfTJdGErbYVvcK9ljz","c9iFTmUiZJQ7G+aAPyws2b","e4KpwPh+hCPrPWzi/VvAHF","08eB8bkztDxYsAf8uONg/t","40xpK2/JZH8JPD0LQ+PDge","b223gc33hHorkAgEwinK7U","43CY2CO9NNsZr/9OffQyVr","c7MQcTgtBINIpsOqsdBWEU","e7vvPNhKpEfpulas0sc/XH","6656jg22BGLKK+uJFFjDaz","16mHrnCJJN+rVyvu8dAF9m","91dA3QoqJFs6EoaXr0Q+Tu","2eGal0+DxCDI6LUs5vTo65","4fer7+teFLq7CWplV/G8dJ","66HYFWzJBMrIeU0YgVPuzU","64Vj7TcEdKiKlkCxo+PuME","d8UQDhbrVDt7s+/RbH/BLS","2aux1LB2FJ9LJ89a3jiYqy","1dex6Y0r1L94TIrbVanuoE","4c4Kz34A1Mm6TLyYSthwQI","ddFvrg9qFG4qRHvWx2LbgG","155d012e1","ecpdLyjvZBwrvm+cedCcQy","81IUWcisVCl5pQ0hqq8L81","7a/QZLET9IDreTiBfRn2PD","d5ul8M6vpKEpuc981aVRYt","47t8O2AQJMm5ti7zYMym9W","a1vqmx3WxAhLC3X3+9N/kq","8fjedoqHtMiLIVkURDWIpi","7ccevMgMtEH5AcAZ5d4hBZ","59Y65biGhNDayakvuUj5zW","9aHLJoYZJLjoLMOhytkiiY","d4GUsCIcpJormNOT4KJqcb","f9Ww2caL5HiKa4rl0DcDHA","50QYfVREBPBZdRqSiZx7TO","f1dlzXxB9FoKqs9MliuTRT","b7OgnBRQpJlJoL98g266Mx","f2p1x4nZJLgqC00y3cWJnN","19kK5pbelESo9/zIUYZh1P","06EQ1VSq1EL77upXX0NPhl","8bf0o0efZDupbot5wX/YOJ","de6r+Od+FDe6bT74N0WEWm","08bc6IpNxCEKlBm2PiofRk","65l4E0lV5N95gaw8CVP+sh","89My5f0VhLAr7tdAKRvMX5","43vDUSX1lOAp8yWF/YASvp","0a6KgOLqhCoon065RaleOw","60Ph9TLYlHfYua5RWa2qLi","07hbocerhMh5XAb93RQEYN","b3uYxLcHZHTpvk2mGTJO/+","93Hdx1Wu5Nk4dPnx8z2zLU","4aGW56auNMIKlsAOl1u4ei","b2+2pLAQBMiaF9vmsIY1KP","5djNOKM2RPp4lQFGTpHj0R","f4HFAMRo5DFLy/jA2qb8kk","7cesPDDlBBNIuRG8pqIrli","2eGd+VBkZEVaszqa9MNkNu","a3UbXsZCtOHIIhtTKSuPNz","33PVuSDw1Efp4/kKgGF3JD","9fuWjZS9lJO7c3x3J3st74","03I7mX3DlAwatOkIJ7RRbV","a2czQne/RK1rBNwejNmALI","f2uBaBoThH4IYK9gX4WgNs","61vv01DJxIIqMHnAaZfVzR","c5UbGYq7ZOMrbTQPRtaYUi","8ajNrCftNDRZ4N+2rsXvzM","b3Z+6SP6BOV7Ux6uyFenI4","6bKvxzjGpLV4cM5fFbXHgx"],"scenes":{},"redirect":[51,0,53,0],"deps":["internal"],"packs":{"03b4ddc05":[4,52],"08401e15d":[89,68,77,71,75,67,85,6,87,74,80,63,59,82,76,92,72,96,58,84,73,94,69,57,79,60,88,56,90,86,81,95,78,65,93,61,70,64,66,91,83,62],"0ead8e951":[5,55,54],"0f79e4736":[17,10,18,32,9,26,50,39,28,47,8,46,13,41,14,33,35,27,21,48,42,44,43,38,15,29,40,25,24,11,34,12,22,36,30,45,49,31,20,37,16,23,19]},"name":"resources","importBase":"import","nativeBase":"native","debug":false,"isZip":false,"encrypted":false,"versions":{"import":["03b4ddc05","0c846","08401e15d","b0958","0ead8e951","1ec9e","0f79e4736","c14cc",7,"3cb10",3,"640ef",0,"fa5e2",1,"27c79",2,"61e88"],"native":[17,"82bee",10,"8674d",18,"47ea6",32,"98a84",9,"48406",26,"84cbd",50,"5342e",39,"6d575",28,"cbcb6",47,"f4b57",8,"1de51",7,"8a0b6",46,"21ce9",13,"50d43",41,"c7239",14,"7ae48",33,"7ccff",35,"dd85f",27,"60bcb",3,"c3753",21,"52f39",48,"73f79",42,"72b90",44,"90064",43,"f562a",38,"a14ae",15,"4e5a4",29,"31be2",0,"f6b5e",40,"925d9",1,"efc42",25,"0d077",24,"49e12",11,"0d077",34,"29c80",12,"060db",22,"1fefb",36,"a661b",2,"52635",30,"6103e",45,"e8746",49,"66b3b",31,"4d317",20,"10665",37,"1fefb",16,"29c80",23,"56da2",19,"00817"]}}