{"paths":{"0":["audios/错误反馈01",0],"1":["audios/错误音效",0],"2":["audios/点击音效",0],"3":["audios/放置音效",0],"4":["audios/快节奏成功音效",0],"5":["audios/长一些的失败音效",0],"6":["audios/正确反馈01",0],"7":["audios/正确音效",0],"8":["prefab/ui/Item/levelProgress",1],"9":["prefab/ui/Item/titleBoard",1],"10":["prefab/ui/panel/GamePanel",1]},"types":["cc.AudioClip","cc.Prefab"],"uuids":["0f7YRkWxVBLq2VgeL2dIEx","abUJH/E99JPLUV0FOQmthv","7ahTV7f2dGu6fCNw5QNw0e","b04nEWw2lG7IbdVusDQIfm","bc8c0mdd1MzJ07bmTMTX3y","f1AfrhoRdOc4hif8xOfAKW","a7uxiXAAJCQpjIrp47Dvb7","ab1iAs9n1CHIPV29xbNley","07P9T3TBFNdbKyrQ+qqpoR","0fXsoQE5xNN49CN5F+6BzR","32+FX7rEVKcJkkZSzITPiN","2auoJYJ4pJ2I0/n84Jc4xZ","0bYl+7OWRE14KpDWSztTRV","2aN1fdLhBG8r9XFUq/ZcP2","b32UeWkWZD3KkgqGKpdWSR","25/NMOoddKEpCR93xZC+FI","06BA2dh+lCCKKgY9qcsSfw","f2M0/NyAVAIp0u750nHdu2","c0eccTVpNHv69nAhcAEGUQ","bd1gTOmthLPoVu7Z5LVK1k","e53+s096FMb5fm1vD/GztW","d3R4zN8tdHhJoTd3ST5O9a","a1+Uj7d49ACqE3KKqDXrJC","70IrzcJi1C+JU34tlmw/9s","cf4nnroetAKZRNkWk2G2gB","374fgFrTlGA6WxZHwgN6Zt","97lxKx/rNAiJ3vu+aXkwxP","76CXhNgqNL05tShmdwPY0A","7b57/LfrtJhZZJVWPEkPy+","8fCjGcY75B84ek8b5GDkZU","d29Rlq91lCu6jLf8IOZsMT","1aXSiv3kZPCr/NQubP/zRA","39H/HxvutDuY8W2+1mr85O","eeq639ecBHr5XPK/u7GFom","42hhqIwJVJDaMtPV6UrDJa","9dGQN0y1ZCJa3eiJq14yD1","00KFJVALhMm669Bq+biVGb","3ej5YsyOBKm6HxdPxdEC27","2fej3UQylA6amSfjYDpzgE","67S/UAkatM54eMSu0VGukC","d4RPUM3hZKNJHcJjZhBJ/Z","4dPEx9WHZHuqALQzNaqsQ2","38aLOiTeZN5bGF1uYRE7C8","86N59PCMFGv6rGPZo1ynQ3","9dBSjxe9VBUr2CJyQpgrfE","04JTeDdgxOzItTZtvtIO4J","155d012e1","7a/QZLET9IDreTiBfRn2PD","d5ul8M6vpKEpuc981aVRYt","ecpdLyjvZBwrvm+cedCcQy","47t8O2AQJMm5ti7zYMym9W","81IUWcisVCl5pQ0hqq8L81","a2MjXRFdtLlYQ5ouAFv/+R","acbS+VQDdOoKzVL0pcpsAM","b4gKa/OQVLY6iBWUFIakHU","36/ncrTpdEmoteuK8/ktlq","86LelBJVxK8JaoJRi4CmG2","c9XCWr4l1KgLqLKXfYLjLm","cePJSCu2JF8IMWjH9PZ7sv","a1U5RdJRFMFL57BdJC9H1X","8c0a81Va5HO4EFnqmaish1","11xN0DW9pBAYg5SJ9mdRFk","85SB9X7cNMPbJAnn+gJR4P","68jqSYI3pBAY/bRiJi7wre","a3f9hNpG9AIqWtOI7MwJJk","aeI5JLbBNINo+Cb1z9m85F","6dMR/xiCRL3JCRHLEIg/vB","42g0NzCalJq5dTqwTJ6k4a","admJh9+dBPqpL/gd+2tqDG","b2a40RmMxKIoecXwTzca01","19ubS3sKhFVaSoXkVqkWj+","8fRlJDw2JEdIll4U6wu+jA","86sZwfqTtMbbT9A0+kxuIX","10b4dIpOtHfquDtne+ckNJ","8e+tTU2ytGjbyL1d4w0gHk","f4MzttY9ZEJpqbBe4w0Gsr","dc794pW8lJ6rxrLXSxvsqv","2d8kcLDNpDOZdD3x5uCmCv","aenFJ2//RJhaBMqBHmGC0h","9e6wS1/khK/LwBupNYPjJw","3bgv5t6IpKDqp5lXrqsfHh","77Chub4Q1AbbhJ0fiFOpwV","f7MjBZroFOh7Dt87q0beJe","9amDlEZidPh60QZV4Yfd06","f0M+zBQARPAJNgD93z/igb","40MnRpP69M2qEYwDElt0Y/","02delMVqdBD70a/HSD99FK"],"scenes":{},"redirect":[47,0,49,0,59,0,86,0],"deps":["internal"],"packs":{"075345333":[8,11,51],"027db760d":[12,73,61,70,77,10,55,80,85,67,63,66,81,62,56,72,60,74,71,83,79,52,64,53,68,65,78,69,54,57,58,76,84,75,82],"0ead8e951":[9,50,48],"07c3bc26f":[36,45,16,46,31,15,13,38,25,42,32,37,34,41,39,23,27,28,43,29,26,44,35,22,14,19,18,24,30,21,40,20,33,17]},"name":"resources","importBase":"import","nativeBase":"native","debug":false,"isZip":false,"encrypted":false,"versions":{"import":["027db760d","56db6","075345333","3e7cc","07c3bc26f","aa79e","0ead8e951","1ec9e",0,"51f53",2,"04bfa",6,"a5cf9",1,"8f538",7,"470ba",3,"0932b",4,"1b5d5",5,"1c89e"],"native":[36,"4776c",45,"699ce",16,"c05b0",12,"6af9d",0,"442c9",46,"5342e",31,"1fc20",15,"94eec",13,"1de51",11,"8a0b6",38,"0adf2",25,"c4e0e",42,"79c28",32,"7658c",37,"8be5b",34,"41085",41,"23cea",39,"c909d",23,"2c215",27,"d7382",2,"56f6c",28,"6abc3",43,"02b36",29,"e7794",26,"2c98f",44,"65b0a",35,"022db",22,"0e67b",6,"0f788",1,"8c9cb",7,"26b05",3,"731bb",14,"c70c3",4,"1c3f8",19,"1b4f6",18,"988ac",24,"844d4",30,"2bf46",21,"c293b",40,"4ce8c",20,"66765",33,"8315e",5,"e8d74",17,"e8ec4"]}}