{"paths":{"0":["audios/absorb_water2",0],"1":["audios/click_bubble1",0],"2":["audios/right_metal",0],"3":["audios/wrong_bass",0],"4":["prefab/ui/Item/levelProgress",1],"5":["prefab/ui/Item/titleBoard",1],"6":["prefab/ui/panel/GamePanel",1],"7":["prefab/ui/panel/TeacherPanel",1]},"types":["cc.AudioClip","cc.Prefab"],"uuids":["76CyNXfPdKvpJqx9lAkN3t","a8hreOaEZDu7Hf+ciQt46/","c8ttlWk39L6oc+sDHuEojy","46K81naUFCk5ZmIZhPx83u","07P9T3TBFNdbKyrQ+qqpoR","0fXsoQE5xNN49CN5F+6BzR","32+FX7rEVKcJkkZSzITPiN","62rz3SUm9N9oHvw7KM9Kh5","2auoJYJ4pJ2I0/n84Jc4xZ","0avkUp6mlD4bhgo4kLDGq/","02eKutElZC5aE4x8DEkXHg","ae/Th9eehO6bu0GoXAcR16","b3FxTEXkVF0o3F0iADHyj8","faJACI3TJC5qhDYz//geMe","2bBSowcjJDWo7r+aPDJxXU","2fI5kKzKlEeJjZIkQI1nvt","68eQHuFTNLU7UMDKrTTyLz","fdb5j50IlFTZKo3+bUcdIj","02aqH9xNxO75ASF/TyyeGy","e5ZioMkCBGxosUG+T3cN5M","08Yphl2cxBa5U14KMt8kr3","47KMlZGWRMebxqWPpwAklY","fcyB5h3sBKdai9BNWIPaSh","bawnyTUlNM7oqpEzfDiQ98","ad7eSj68FFirfYvrsoMUNw","aad9j3GmFJdL0Y/ggryBs1","0dZf11s/pMFYp0a9Gi6GRZ","43J5KBOxBHfKlumhSDziVW","17skZSP51OhbnkIdlU+czd","6ehGyfTJdGErbYVvcK9ljz","c9iFTmUiZJQ7G+aAPyws2b","e4KpwPh+hCPrPWzi/VvAHF","08eB8bkztDxYsAf8uONg/t","43CY2CO9NNsZr/9OffQyVr","40xpK2/JZH8JPD0LQ+PDge","b223gc33hHorkAgEwinK7U","c7MQcTgtBINIpsOqsdBWEU","e7vvPNhKpEfpulas0sc/XH","16mHrnCJJN+rVyvu8dAF9m","6656jg22BGLKK+uJFFjDaz","2eGal0+DxCDI6LUs5vTo65","91dA3QoqJFs6EoaXr0Q+Tu","66HYFWzJBMrIeU0YgVPuzU","4fer7+teFLq7CWplV/G8dJ","64Vj7TcEdKiKlkCxo+PuME","d8UQDhbrVDt7s+/RbH/BLS","1dex6Y0r1L94TIrbVanuoE","2aux1LB2FJ9LJ89a3jiYqy","4c4Kz34A1Mm6TLyYSthwQI","ddFvrg9qFG4qRHvWx2LbgG","b4P/PCArtIdIH38t6mlw8Y","e8Ueib+qJEhL6mXAHdnwbi","71VhFCTINJM6/Ky3oX9nBT","56fc2Ai/RFNYpaMT8crweK","9dYAAftfRHJqYpJlnj3tC4","58MfI42OJASKcPaEj0RgZp","2aN1fdLhBG8r9XFUq/ZcP2","1b36c3b69","ecpdLyjvZBwrvm+cedCcQy","a1vqmx3WxAhLC3X3+9N/kq","8fjedoqHtMiLIVkURDWIpi","7ccevMgMtEH5AcAZ5d4hBZ","59Y65biGhNDayakvuUj5zW","9aHLJoYZJLjoLMOhytkiiY","d4GUsCIcpJormNOT4KJqcb","f9Ww2caL5HiKa4rl0DcDHA","50QYfVREBPBZdRqSiZx7TO","f1dlzXxB9FoKqs9MliuTRT","b7OgnBRQpJlJoL98g266Mx","f2p1x4nZJLgqC00y3cWJnN","19kK5pbelESo9/zIUYZh1P","06EQ1VSq1EL77upXX0NPhl","8bf0o0efZDupbot5wX/YOJ","de6r+Od+FDe6bT74N0WEWm","08bc6IpNxCEKlBm2PiofRk","65l4E0lV5N95gaw8CVP+sh","89My5f0VhLAr7tdAKRvMX5","43vDUSX1lOAp8yWF/YASvp","0a6KgOLqhCoon065RaleOw","60Ph9TLYlHfYua5RWa2qLi","07hbocerhMh5XAb93RQEYN","b3uYxLcHZHTpvk2mGTJO/+","93Hdx1Wu5Nk4dPnx8z2zLU","4aGW56auNMIKlsAOl1u4ei","b2+2pLAQBMiaF9vmsIY1KP","5djNOKM2RPp4lQFGTpHj0R","f4HFAMRo5DFLy/jA2qb8kk","7cesPDDlBBNIuRG8pqIrli","2eGd+VBkZEVaszqa9MNkNu","a3UbXsZCtOHIIhtTKSuPNz","33PVuSDw1Efp4/kKgGF3JD","9fuWjZS9lJO7c3x3J3st74","03I7mX3DlAwatOkIJ7RRbV","a2czQne/RK1rBNwejNmALI","f2uBaBoThH4IYK9gX4WgNs","61vv01DJxIIqMHnAaZfVzR","c5UbGYq7ZOMrbTQPRtaYUi","8ajNrCftNDRZ4N+2rsXvzM","b3Z+6SP6BOV7Ux6uyFenI4","6bKvxzjGpLV4cM5fFbXHgx","81IUWcisVCl5pQ0hqq8L81","76OlHWMbZC75J0XVSi3dgZ","31dyOYhK5DH6xtK1ew1mdi","e97GVMl6JHh5Ml5qEDdSGa","f0BIwQ8D5Ml7nTNQbh1YlS","29FYIk+N1GYaeWH/q1NxQO","78/dcSo/JEdafSAhXCTM6e","1aMvx28L1PZpgPVpKcDKCz","e7q6FL+VZEgLJUjVeDLic/","a2MjXRFdtLlYQ5ouAFv/+R","7a/QZLET9IDreTiBfRn2PD","93u2P5heJI+qXs6oddCrFt","d5ul8M6vpKEpuc981aVRYt","47t8O2AQJMm5ti7zYMym9W","02delMVqdBD70a/HSD99FK"],"scenes":{},"redirect":[58,0,110,0,114,0],"deps":["internal"],"packs":{"03b4ddc05":[4,100],"0102b0832":[107,105,102,7,101,106,111,109,108,103,104],"0ead8e951":[5,113,112],"08401e15d":[92,71,80,74,78,70,88,6,90,77,83,66,62,85,79,95,75,99,61,87,76,97,72,60,82,63,91,59,93,89,84,98,81,68,96,64,73,67,69,94,86,65],"0e53ad2fb":[18,10,20,32,9,26,38,28,57,46,56,47,14,40,15,34,33,27,21,48,43,53,55,44,42,39,16,29,52,41,54,25,24,11,35,12,50,23,36,30,45,49,31,19,37,51,13,22,17]},"name":"resources","importBase":"import","nativeBase":"native","debug":false,"isZip":false,"encrypted":false,"versions":{"import":["0102b0832","e15a7","03b4ddc05","056ed","08401e15d","b0958","0e53ad2fb","bfc46","0ead8e951","e5357",8,"3cb10",3,"640ef",0,"fa5e2",1,"27c79",2,"61e88"],"native":[18,"82bee",10,"8674d",20,"47ea6",32,"98a84",9,"48406",26,"84cbd",38,"6d575",28,"cbcb6",57,"e1166",46,"f4b57",56,"1de51",8,"8a0b6",47,"21ce9",14,"50d43",40,"c7239",15,"7ae48",34,"7ccff",33,"dd85f",27,"60bcb",3,"c3753",21,"52f39",48,"73f79",43,"72b90",53,"5f1d9",55,"17dd6",44,"90064",42,"f562a",39,"a14ae",16,"4e5a4",29,"31be2",52,"c06a9",0,"f6b5e",41,"925d9",54,"e0234",1,"efc42",25,"0d077",24,"49e12",11,"0d077",35,"29c80",12,"060db",50,"83fcc",23,"1fefb",36,"a661b",2,"52635",30,"6103e",45,"e8746",49,"66b3b",31,"4d317",19,"10665",37,"1fefb",51,"90cf4",13,"29c80",22,"56da2",17,"00817"]}}