[1,["ecpdLyjvZBwrvm+cedCcQy","2auoJYJ4pJ2I0/n84Jc4xZ","81IUWcisVCl5pQ0hqq8L81","1b36c3b69"],["node","_N$file","root","data","_spriteFrame","_textureSetter"],[["cc.Node",["_name","_components","_prefab","_contentSize","_children","_trs","_parent","_color"],2,9,4,5,2,7,1,5],["cc.PrefabInfo",["fileId","root","asset"],2,1,1],"cc.SpriteFrame",["cc.Prefab",["_name"],2],["cc.Sprite",["_sizeMode","node","_materials","_spriteFrame"],2,1,3,6],["cc.Layout",["_resize","_N$layoutType","node","_layoutSize"],1,1,5],["cc.Label",["_string","_fontSize","_lineHeight","_isSystemFontUsed","_N$horizontalAlign","_N$verticalAlign","node","_materials","_N$file"],-3,1,3,6]],[[1,0,1,2,2],[0,0,6,1,2,7,3,5,2],[6,0,1,2,3,4,5,6,7,8,7],[3,0,2],[0,0,4,1,2,3,5,2],[0,0,6,4,1,2,3,2],[4,0,1,2,3,2],[1,1,2,1],[5,0,1,2,3,3]],[[[[3,"levelProgress"],[4,"levelProgress",[-3],[[6,0,-2,[6],7]],[7,-1,0],[5,260,120],[-860,-502,0,0,0,0,1,1,1,1]],[5,"layout",1,[-5,-6,-7],[[8,1,1,-4,[5,81.66,200]]],[0,"edmGcgnSlCJqks0EaVPXK4",1,0],[5,81.66,200]],[1,"_lb_curLevel",2,[[2,"1",96,106,false,1,1,-8,[0],1]],[0,"38udYbd9tKvKd2lilJ4Bb9",1,0],[4,4287593851],[5,35.25,133.56],[-23.205,0,0,0,0,0,1,1,1,1]],[1,"lb_tag",2,[[2,"/",60,70,false,1,1,-9,[2],3]],[0,"84e2T9RiZBFq6nfAzKPfwK",1,0],[4,4287593851],[5,24.38,88.2],[6.610000000000001,-13,0,0,0,0,1,1,1,1]],[1,"_lb_levelCount",2,[[2,"1",60,70,false,1,1,-10,[4],5]],[0,"1cQJSEv85MeKhMdSaKT3DC",1,0],[4,4287593851],[5,22.03,88.2],[29.815,-13,0,0,0,0,1,1,1,1]]],0,[0,2,1,0,0,1,0,-1,2,0,0,2,0,-1,3,0,-2,4,0,-3,5,0,0,3,0,0,4,0,0,5,0,3,1,10],[0,0,0,0,0,0,0,0],[-1,1,-1,1,-1,1,-1,4],[0,1,0,1,0,1,0,2]],[[{"name":"levelBoard","rect":[3,3,260,120],"offset":[0,0],"originalSize":[260,120],"rotated":1,"capInsets":[0,0,0,0]}],[2],0,[0],[5],[3]]]]