[1,["ecpdLyjvZBwrvm+cedCcQy","7ccevMgMtEH5AcAZ5d4hBZ","59Y65biGhNDayakvuUj5zW","a3UbXsZCtOHIIhtTKSuPNz","8ajNrCftNDRZ4N+2rsXvzM","2auoJYJ4pJ2I0/n84Jc4xZ","5djNOKM2RPp4lQFGTpHj0R","89My5f0VhLAr7tdAKRvMX5","f9Ww2caL5HiKa4rl0DcDHA","b7OgnBRQpJlJoL98g266Mx","f2p1x4nZJLgqC00y3cWJnN","9aHLJoYZJLjoLMOhytkiiY","19kK5pbelESo9/zIUYZh1P","06EQ1VSq1EL77upXX0NPhl","33PVuSDw1Efp4/kKgGF3JD","b3Z+6SP6BOV7Ux6uyFenI4","65l4E0lV5N95gaw8CVP+sh","43vDUSX1lOAp8yWF/YASvp","0a6KgOLqhCoon065RaleOw","60Ph9TLYlHfYua5RWa2qLi","07hbocerhMh5XAb93RQEYN","b3uYxLcHZHTpvk2mGTJO/+","93Hdx1Wu5Nk4dPnx8z2zLU","f4HFAMRo5DFLy/jA2qb8kk","6bKvxzjGpLV4cM5fFbXHgx","4fer7+teFLq7CWplV/G8dJ","bawnyTUlNM7oqpEzfDiQ98","17skZSP51OhbnkIdlU+czd","ad7eSj68FFirfYvrsoMUNw","6ehGyfTJdGErbYVvcK9ljz","e5ZioMkCBGxosUG+T3cN5M","16mHrnCJJN+rVyvu8dAF9m","a1vqmx3WxAhLC3X3+9N/kq","8fjedoqHtMiLIVkURDWIpi","d4GUsCIcpJormNOT4KJqcb","50QYfVREBPBZdRqSiZx7TO","f1dlzXxB9FoKqs9MliuTRT","8bf0o0efZDupbot5wX/YOJ","de6r+Od+FDe6bT74N0WEWm","08bc6IpNxCEKlBm2PiofRk","4aGW56auNMIKlsAOl1u4ei","b2+2pLAQBMiaF9vmsIY1KP","7cesPDDlBBNIuRG8pqIrli","2eGd+VBkZEVaszqa9MNkNu","9fuWjZS9lJO7c3x3J3st74","03I7mX3DlAwatOkIJ7RRbV","a2czQne/RK1rBNwejNmALI","f2uBaBoThH4IYK9gX4WgNs","61vv01DJxIIqMHnAaZfVzR","c5UbGYq7ZOMrbTQPRtaYUi","91dA3QoqJFs6EoaXr0Q+Tu","43J5KBOxBHfKlumhSDziVW","43CY2CO9NNsZr/9OffQyVr","68eQHuFTNLU7UMDKrTTyLz","b3FxTEXkVF0o3F0iADHyj8","40xpK2/JZH8JPD0LQ+PDge","c9iFTmUiZJQ7G+aAPyws2b","d8UQDhbrVDt7s+/RbH/BLS","0dZf11s/pMFYp0a9Gi6GRZ","ddFvrg9qFG4qRHvWx2LbgG","ae/Th9eehO6bu0GoXAcR16","c7MQcTgtBINIpsOqsdBWEU","aad9j3GmFJdL0Y/ggryBs1","4c4Kz34A1Mm6TLyYSthwQI","47KMlZGWRMebxqWPpwAklY","02eKutElZC5aE4x8DEkXHg","08eB8bkztDxYsAf8uONg/t","2fI5kKzKlEeJjZIkQI1nvt","2eGal0+DxCDI6LUs5vTo65","0avkUp6mlD4bhgo4kLDGq/","66HYFWzJBMrIeU0YgVPuzU","6656jg22BGLKK+uJFFjDaz","b223gc33hHorkAgEwinK7U","1dex6Y0r1L94TIrbVanuoE","e4KpwPh+hCPrPWzi/VvAHF","fdb5j50IlFTZKo3+bUcdIj","2aux1LB2FJ9LJ89a3jiYqy","2bBSowcjJDWo7r+aPDJxXU","fcyB5h3sBKdai9BNWIPaSh","02aqH9xNxO75ASF/TyyeGy","08Yphl2cxBa5U14KMt8kr3","64Vj7TcEdKiKlkCxo+PuME","e7vvPNhKpEfpulas0sc/XH","faJACI3TJC5qhDYz//geMe"],["node","_spriteFrame","target","_textureSetter","_N$file","_parent","highlight","btn_change","numNode","redLine","root","highlight_jianjian","highlight_guluguli","jianjian","gulugulu","fangfang","numNode2","numNode1","redLine2","redLine1","yutang_xia","yutang_shang","dierdui","diyidui","bottom_node","top_node","data"],["cc.SpriteFrame",["cc.Node",["_name","_active","_prefab","_contentSize","_components","_parent","_trs","_children","_color"],1,4,5,9,1,7,2,5],["cc.Layout",["_N$layoutType","_N$spacingX","_N$paddingLeft","_enabled","_N$affectedByScale","_resize","node","_layoutSize"],-3,1,5],["cc.Sprite",["_enabled","_sizeMode","node","_materials","_spriteFrame"],1,1,3,6],["cc.PrefabInfo",["fileId","root"],2,1],["ea676vAcV5E2pRA639ZNj33",["node","highlight"],3,1,1],["219dc1rDTJCjYWJhJNQFxIJ",["needScale","node","touchEndEvents"],2,1,9],["cc.ClickEvent",["_componentId","handler","target"],1,1],["d6bfcZd53lPzJCVyz9yGI0u",["node","optionParent","fillArea","fillArea2"],3,1,1,1,1],["cc.Prefab",["_name"],2],["246c2OOkGlKHoa6ZJOVEHI+",["node","gameLevel"],3,1,2],["cc.Mask",["_N$alphaThreshold","node","_materials"],2,1,3],["cc.BlockInputEvents",["node"],3,1],["d6c08j8t8NGKpDO9VgwCmvW",["node","redLine1","redLine2","numNode1","numNode2","optionsNode","btn_change","fangfang","gulugulu","jianjian","highlight_guluguli","highlight_jianjian"],3,1,1,1,1,1,1,1,1,1,1,1,1],["aeaa8xEgClClburPcZ3ON9w",["node","redLine","numNode","optionsNode","btn_change","yutang_shang","yutang_xia","highlight"],3,1,1,1,1,1,1,1,1],["1a3a89wJV5GV7QdaArRrBcq",["node","redLine","numNode","optionsNode","btn_change","diyidui","dierdui"],3,1,1,1,1,1,1,1],["a097ak57U5OCoQbwuW0scJG",["node","redLine","numNode","optionsNode","btn_change","top_node","bottom_node","highlight"],3,1,1,1,1,1,1,1,1],["3dae4HV/+1GkKEajy1NuiDu",["node","touchStartEvents","touchMovingEvents","touchEndEvents"],3,1,9,9,9],["cc.Label",["_string","_fontSize","_lineHeight","_isSystemFontUsed","_N$horizontalAlign","_N$verticalAlign","node","_materials","_N$file"],-3,1,3,6]],[[4,0,1,2],[3,2,3,4,1],[7,0,1,2,3],[1,0,5,4,2,3,2],[3,0,2,3,4,2],[17,0,1,2,3,1],[1,0,5,7,4,2,3,6,2],[1,0,5,7,4,2,3,2],[1,0,5,4,2,3,6,2],[8,0,1,2,1],[1,0,1,5,4,2,8,3,6,3],[18,0,1,2,3,4,5,6,7,8,7],[8,0,1,2,3,1],[6,1,2,1],[1,0,5,7,2,3,6,2],[1,0,1,5,4,2,3,6,3],[6,0,1,2,2],[1,0,7,4,2,3,6,2],[3,1,2,3,4,2],[3,0,1,2,3,4,3],[2,3,5,0,6,7,4],[1,0,1,5,7,4,2,3,3],[5,0,1,1],[1,0,4,2,3,6,2],[1,0,4,2,3,2],[1,0,1,5,7,4,2,3,6,3],[2,0,1,6,7,3],[2,0,2,1,6,4],[2,0,2,1,6,7,4],[2,3,0,2,1,6,5],[7,0,1,3],[9,0,2],[1,0,7,4,2,3,2],[1,0,7,2,6,2],[1,0,1,5,4,2,3,3],[10,0,1,1],[11,0,1,2,2],[12,0,1],[4,1,1],[13,0,1,2,3,4,5,6,7,8,9,10,11,1],[2,0,1,4,6,7,4],[2,5,0,1,6,7,4],[2,3,0,1,4,6,7,5],[5,0,1],[14,0,1,2,3,4,5,6,7,1],[15,0,1,2,3,4,5,6,1],[16,0,1,2,3,4,5,6,7,1]],[[[{"name":"bg_4","rect":[0,0,2048,1152],"offset":[0,0],"originalSize":[2048,1152],"capInsets":[0,0,0,0]}],[0],0,[0],[3],[25]],[[{"name":"算数区","rect":[0,0,900,255],"offset":[0,0],"originalSize":[900,255],"capInsets":[0,0,0,0]}],[0],0,[0],[3],[26]],[[{"name":"左6","rect":[0,0,193,327],"offset":[0,0],"originalSize":[193,327],"capInsets":[0,0,0,0]}],[0],0,[0],[3],[27]],[[{"name":"第一队","rect":[0,0,260,248],"offset":[0,0],"originalSize":[260,248],"capInsets":[0,0,0,0]}],[0],0,[0],[3],[28]],[[{"name":"女孩左3","rect":[0,0,191,338],"offset":[0,0],"originalSize":[191,338],"capInsets":[0,0,0,0]}],[0],0,[0],[3],[29]],[[{"name":"方框_鱼","rect":[0,0,227,211],"offset":[0,0],"originalSize":[227,211],"capInsets":[0,0,0,0]}],[0],0,[0],[3],[30]],[[{"name":"标题","rect":[0,0,1716,122],"offset":[0,0],"originalSize":[1716,122],"capInsets":[0,0,0,0]}],[0],0,[0],[3],[31]],[[[31,"GamePanel"],[32,"GamePanel",[-9,-10,-11,-12],[[35,-6,[-2,-3,-4,-5]],[36,0,-7,[604]],[37,-8]],[38,-1],[5,2048,1152]],[17,"options",[-14,-15,-16,-17,-18,-19,-20,-21,-22,-23,-24,-25,-26,-27,-28,-29,-30,-31,-32,-33],[[1,-13,[602],603]],[0,"9fkYTJWidDEISgy78e0wIe",1],[5,227,211],[-520,-435.506,0,0,0,0,1,1,1,1]],[17,"方框_鱼",[-35,-36,-37,-38,-39,-40,-41,-42,-43,-44,-45,-46,-47],[[1,-34,[148],149]],[0,"6eWBlDedZB0519jCPWB0PM",1],[5,227,211],[-520,-415.216,0,0,0,0,1,1,1,1]],[21,"level_4",false,1,[-59,-60,-61,-62,-63,-64,-65,-66,-67,-68,-69,-70,-71,-72,2],[[39,-58,-57,-56,-55,-54,2,-53,-52,-51,-50,-49,-48]],[0,"6azL323HxNnpokm4WAHZdU",1],[5,2048,1152]],[23,"fillArea",[[26,1,35,-73,[5,1075,200]],[22,-75,-74]],[0,"8c/kYjEeZKo4lSbfwV2Rug",1],[5,1075,200],[0,25,0,0,0,0,1,1,1,1]],[23,"fillArea",[[26,1,35,-76,[5,1075,200]],[22,-78,-77]],[0,"a5ucFNpIJOO474TMxl9nBT",1],[5,1075,200],[0,25,0,0,0,0,1,1,1,1]],[33,"options",[-79,-80,-81,-82,-83,-84,-85,-86,-87,-88],[0,"5ePyhUg3NDULfS2IgL+vxk",1],[-474.918,-410.155,0,0,0,0,1,1,1,1]],[17,"options",[-90,-91,-92,-93,-94,-95,-96,-97,-98],[[1,-89,[422],423]],[0,"7bQvZRq2VME41HWOOaxUB9",1],[5,227,211],[-520,-441.157,0,0,0,0,1,1,1,1]],[21,"level_1",false,1,[-106,-107,-108,-109,-110,-111,-112,-113,-114,3,-115],[[44,-105,-104,-103,3,-102,-101,-100,-99]],[0,"33L4BodNZNsImWBgb/kIuL",1],[5,2048,1152]],[24,"fillArea",[[1,-116,[54],55],[27,1,60,22,-117],[22,-119,-118]],[0,"a1AlPJsZ1Ba7u+gMhjTBlg",1],[5,1364,314]],[21,"level_2",false,1,[-126,-127,-128,-129,-130,-131,-132,7,-133],[[45,-125,-124,-123,7,-122,-121,-120]],[0,"95ezgE6wpLUISmImcM8AZO",1],[5,2048,1152]],[21,"level_3",false,1,[-141,-142,-143,-144,8,-145,-146,-147],[[46,-140,-139,-138,8,-137,-136,-135,-134]],[0,"18rHIQPS1Hn6ZmJac1nVMa",1],[5,2048,1152]],[23,"fillArea",[[40,1,30,true,-148,[5,1600,200]],[43,-149],[13,-150,[[30,"1a3a89wJV5GV7QdaArRrBcq","onClickShowRedLine"]]]],[0,"42n+wWSftHtKulZJxxJt6m",1],[5,1600,200],[952,30,0,0,0,0,1,1,1,1]],[17,"top",[-154,-155,-156,-157,-158,-159,-160,-161,-162],[[4,false,-151,[348],349],[28,1,60,30,-152,[5,1522,198]],[13,-153,[[2,"a097ak57U5OCoQbwuW0scJG","onClickShowRedLine",12]]]],[0,"feuXuOZyJLj7KkHpNaVP/Y",1],[5,1522,198],[6,203.86,0,0,0,0,1,1,1,1]],[24,"fillArea",[[4,false,-163,[350],351],[28,1,60,30,-164,[5,1522,198]],[22,-166,-165]],[0,"1du1HNfyhOC5BINMdCVLKV",1],[5,1522,198]],[6,"鱼塘",9,[-170,-171,-172,-173,-174,-175,-176,-177],[[1,-167,[52],53],[27,1,60,22,-168],[13,-169,[[2,"aeaa8xEgClClburPcZ3ON9w","onClickShowRedLine",9]]]],[0,"e8negUWrxOTbybPDpeXvld",1],[5,1364,314],[230,215,0,0,0,0,1,1,1,1]],[17,"fillArea",[-179,-180,-181,-182,-183,-184,-185,-186,-187,-188],[[41,1,1,35,-178,[5,1075,200]]],[0,"e4IYAui11Perch3pPggeSf",1],[5,1075,200],[0,25,0,0,0,0,1,1,1,1]],[17,"New Node",[-191,-192,-193,-194,-195,-196,-197],[[42,false,1,30,true,-189,[5,1600,200]],[13,-190,[[30,"1a3a89wJV5GV7QdaArRrBcq","onClickShowRedLine"]]]],[0,"3dLyCI9pJJb7EFX68tfZ+H",1],[5,1600,200],[952,30,0,0,0,0,1,1,1,1]],[6,"算数区",9,[-201,-202,-203,-204,-205],[[18,0,-198,[160],161],[20,false,1,1,-199,[5,534.23,255]],[13,-200,[[2,"aeaa8xEgClClburPcZ3ON9w","onClickNum",9]]]],[0,"12J2ybBipOR46mL4fa1267",1],[5,900,255],[77.782,-419,0,0,0,0,1,1,1,1]],[6,"算数区",11,[-209,-210,-211,-212,-213],[[18,0,-206,[288],289],[20,false,1,1,-207,[5,534.23,255]],[13,-208,[[2,"1a3a89wJV5GV7QdaArRrBcq","onClickNum",11]]]],[0,"2coVfULCFJHaLIvG341GUa",1],[5,900,255],[77.782,-419,0,0,0,0,1,1,1,1]],[6,"算数区",12,[-217,-218,-219,-220,-221],[[18,0,-214,[366],367],[20,false,1,1,-215,[5,432.79,255]],[13,-216,[[2,"a097ak57U5OCoQbwuW0scJG","onClickNum",12]]]],[0,"b6ROIrCW1PLY4odof09DkC",1],[5,900,255],[77.782,-445.313,0,0,0,0,1,1,1,1]],[25,"算数区",false,4,[-225,-226,-227,-228,-229],[[18,0,-222,[504],505],[20,false,1,1,-223,[5,487.87,255]],[13,-224,[[2,"d6c08j8t8NGKpDO9VgwCmvW","onClickNum",4]]]],[0,"34IcnPM6dOCKRscVNUcRoW",1],[5,900,255],[77.782,-444.066,0,0,0,0,1,1,1,1]],[25,"算数区2",false,4,[-233,-234,-235,-236,-237],[[18,0,-230,[516],517],[20,false,1,1,-231,[5,479.15000000000003,255]],[13,-232,[[2,"d6c08j8t8NGKpDO9VgwCmvW","onClickNum",4]]]],[0,"3d+MpTl7lH77PQtCdV39Zn",1],[5,900,255],[77.782,-444.066,0,0,0,0,1,1,1,1]],[7,"option_1",3,[-244,-245],[[4,false,-238,[74],75],[9,-239,3,10],[5,-243,[[2,"d6bfcZd53lPzJCVyz9yGI0u","onDragStart",-242]],[[2,"d6bfcZd53lPzJCVyz9yGI0u","onDragMove",-241]],[[2,"d6bfcZd53lPzJCVyz9yGI0u","onDragEnd",-240]]]],[0,"44AUJXfIVOj491HUUlpXee",1],[5,76,119]],[7,"option_2",3,[-252,-253],[[4,false,-246,[80],81],[9,-247,3,10],[5,-251,[[2,"d6bfcZd53lPzJCVyz9yGI0u","onDragStart",-250]],[[2,"d6bfcZd53lPzJCVyz9yGI0u","onDragMove",-249]],[[2,"d6bfcZd53lPzJCVyz9yGI0u","onDragEnd",-248]]]],[0,"a7KsH7F0FJb7dPWEwfYrg2",1],[5,76,119]],[7,"option_3",3,[-260,-261],[[4,false,-254,[86],87],[9,-255,3,10],[5,-259,[[2,"d6bfcZd53lPzJCVyz9yGI0u","onDragStart",-258]],[[2,"d6bfcZd53lPzJCVyz9yGI0u","onDragMove",-257]],[[2,"d6bfcZd53lPzJCVyz9yGI0u","onDragEnd",-256]]]],[0,"6bpP5HkS1OYbFY+itp7nmM",1],[5,76,119]],[7,"option_4",3,[-268,-269],[[4,false,-262,[92],93],[9,-263,3,10],[5,-267,[[2,"d6bfcZd53lPzJCVyz9yGI0u","onDragStart",-266]],[[2,"d6bfcZd53lPzJCVyz9yGI0u","onDragMove",-265]],[[2,"d6bfcZd53lPzJCVyz9yGI0u","onDragEnd",-264]]]],[0,"68yJOHM/tJTqVW9GRvFrug",1],[5,76,119]],[7,"option_5",3,[-276,-277],[[4,false,-270,[98],99],[9,-271,3,10],[5,-275,[[2,"d6bfcZd53lPzJCVyz9yGI0u","onDragStart",-274]],[[2,"d6bfcZd53lPzJCVyz9yGI0u","onDragMove",-273]],[[2,"d6bfcZd53lPzJCVyz9yGI0u","onDragEnd",-272]]]],[0,"d3jBSnroNIhKzaqi7l+8Bb",1],[5,76,119]],[7,"option_6",3,[-284,-285],[[4,false,-278,[104],105],[9,-279,3,10],[5,-283,[[2,"d6bfcZd53lPzJCVyz9yGI0u","onDragStart",-282]],[[2,"d6bfcZd53lPzJCVyz9yGI0u","onDragMove",-281]],[[2,"d6bfcZd53lPzJCVyz9yGI0u","onDragEnd",-280]]]],[0,"70pfsYS05GDbOKI+DX2Vqa",1],[5,76,119]],[7,"option_7",3,[-292,-293],[[4,false,-286,[110],111],[9,-287,3,10],[5,-291,[[2,"d6bfcZd53lPzJCVyz9yGI0u","onDragStart",-290]],[[2,"d6bfcZd53lPzJCVyz9yGI0u","onDragMove",-289]],[[2,"d6bfcZd53lPzJCVyz9yGI0u","onDragEnd",-288]]]],[0,"38SO6LLcZM/ZD37JO8B0dk",1],[5,76,119]],[7,"option_8",3,[-300,-301],[[4,false,-294,[116],117],[9,-295,3,10],[5,-299,[[2,"d6bfcZd53lPzJCVyz9yGI0u","onDragStart",-298]],[[2,"d6bfcZd53lPzJCVyz9yGI0u","onDragMove",-297]],[[2,"d6bfcZd53lPzJCVyz9yGI0u","onDragEnd",-296]]]],[0,"eeP/zA4kVDMp2TNIVaionp",1],[5,76,119]],[7,"option_9",3,[-308,-309],[[4,false,-302,[122],123],[9,-303,3,10],[5,-307,[[2,"d6bfcZd53lPzJCVyz9yGI0u","onDragStart",-306]],[[2,"d6bfcZd53lPzJCVyz9yGI0u","onDragMove",-305]],[[2,"d6bfcZd53lPzJCVyz9yGI0u","onDragEnd",-304]]]],[0,"a951Chj+JO7ryP8Z6bGavd",1],[5,76,119]],[7,"option_10",3,[-316,-317],[[4,false,-310,[128],129],[9,-311,3,10],[5,-315,[[2,"d6bfcZd53lPzJCVyz9yGI0u","onDragStart",-314]],[[2,"d6bfcZd53lPzJCVyz9yGI0u","onDragMove",-313]],[[2,"d6bfcZd53lPzJCVyz9yGI0u","onDragEnd",-312]]]],[0,"a01hsJQMVLA6rHDhlYg4cu",1],[5,76,119]],[7,"option_11",3,[-324,-325],[[4,false,-318,[134],135],[9,-319,3,10],[5,-323,[[2,"d6bfcZd53lPzJCVyz9yGI0u","onDragStart",-322]],[[2,"d6bfcZd53lPzJCVyz9yGI0u","onDragMove",-321]],[[2,"d6bfcZd53lPzJCVyz9yGI0u","onDragEnd",-320]]]],[0,"d3JEtM+SBDB7nq15VeT1/2",1],[5,76,119]],[7,"option_12",3,[-332,-333],[[4,false,-326,[140],141],[9,-327,3,10],[5,-331,[[2,"d6bfcZd53lPzJCVyz9yGI0u","onDragStart",-330]],[[2,"d6bfcZd53lPzJCVyz9yGI0u","onDragMove",-329]],[[2,"d6bfcZd53lPzJCVyz9yGI0u","onDragEnd",-328]]]],[0,"9atp46anhDb6ye/d8STJRH",1],[5,76,119]],[7,"option_13",3,[-340,-341],[[4,false,-334,[146],147],[9,-335,3,10],[5,-339,[[2,"d6bfcZd53lPzJCVyz9yGI0u","onDragStart",-338]],[[2,"d6bfcZd53lPzJCVyz9yGI0u","onDragMove",-337]],[[2,"d6bfcZd53lPzJCVyz9yGI0u","onDragEnd",-336]]]],[0,"3eFWuWyjlGV4wCpzoYF/1s",1],[5,76,119]],[6,"option_1",7,[-348,-349],[[4,false,-342,[222],223],[9,-343,7,13],[5,-347,[[2,"d6bfcZd53lPzJCVyz9yGI0u","onDragStart",-346]],[[2,"d6bfcZd53lPzJCVyz9yGI0u","onDragMove",-345]],[[2,"d6bfcZd53lPzJCVyz9yGI0u","onDragEnd",-344]]]],[0,"7fxMSUjptAA6oauwRKpUPH",1],[5,181,332],[0,0,0,0,0,0,1,0.7,0.7,1]],[6,"option_2",7,[-356,-357],[[4,false,-350,[228],229],[9,-351,7,13],[5,-355,[[2,"d6bfcZd53lPzJCVyz9yGI0u","onDragStart",-354]],[[2,"d6bfcZd53lPzJCVyz9yGI0u","onDragMove",-353]],[[2,"d6bfcZd53lPzJCVyz9yGI0u","onDragEnd",-352]]]],[0,"46KQ2fJ3dHYL9b7CUQuPPZ",1],[5,181,332],[0,0,0,0,0,0,1,0.7,0.7,1]],[6,"option_3",7,[-364,-365],[[4,false,-358,[234],235],[9,-359,7,13],[5,-363,[[2,"d6bfcZd53lPzJCVyz9yGI0u","onDragStart",-362]],[[2,"d6bfcZd53lPzJCVyz9yGI0u","onDragMove",-361]],[[2,"d6bfcZd53lPzJCVyz9yGI0u","onDragEnd",-360]]]],[0,"7dA9zCYqdDf7hFWZ+uJVSc",1],[5,181,332],[0,0,0,0,0,0,1,0.7,0.7,1]],[6,"option_4",7,[-372,-373],[[4,false,-366,[240],241],[9,-367,7,13],[5,-371,[[2,"d6bfcZd53lPzJCVyz9yGI0u","onDragStart",-370]],[[2,"d6bfcZd53lPzJCVyz9yGI0u","onDragMove",-369]],[[2,"d6bfcZd53lPzJCVyz9yGI0u","onDragEnd",-368]]]],[0,"b6GsXA0oVLEJEGv7LIomtC",1],[5,181,332],[0,0,0,0,0,0,1,0.7,0.7,1]],[6,"option_5",7,[-380,-381],[[4,false,-374,[246],247],[9,-375,7,13],[5,-379,[[2,"d6bfcZd53lPzJCVyz9yGI0u","onDragStart",-378]],[[2,"d6bfcZd53lPzJCVyz9yGI0u","onDragMove",-377]],[[2,"d6bfcZd53lPzJCVyz9yGI0u","onDragEnd",-376]]]],[0,"62WwgJK69LNowCwm9jOtD3",1],[5,181,332],[0,0,0,0,0,0,1,0.7,0.7,1]],[6,"option_6",7,[-388,-389],[[4,false,-382,[252],253],[9,-383,7,13],[5,-387,[[2,"d6bfcZd53lPzJCVyz9yGI0u","onDragStart",-386]],[[2,"d6bfcZd53lPzJCVyz9yGI0u","onDragMove",-385]],[[2,"d6bfcZd53lPzJCVyz9yGI0u","onDragEnd",-384]]]],[0,"53ObYcfClNDLZhUUzCijQe",1],[5,181,332],[0,0,0,0,0,0,1,0.7,0.7,1]],[6,"option_7",7,[-396,-397],[[4,false,-390,[258],259],[9,-391,7,13],[5,-395,[[2,"d6bfcZd53lPzJCVyz9yGI0u","onDragStart",-394]],[[2,"d6bfcZd53lPzJCVyz9yGI0u","onDragMove",-393]],[[2,"d6bfcZd53lPzJCVyz9yGI0u","onDragEnd",-392]]]],[0,"70mpTLq8hGE4ZM8Vt/AdHE",1],[5,181,332],[0,0,0,0,0,0,1,0.7,0.7,1]],[6,"option_8",7,[-404,-405],[[4,false,-398,[264],265],[9,-399,7,13],[5,-403,[[2,"d6bfcZd53lPzJCVyz9yGI0u","onDragStart",-402]],[[2,"d6bfcZd53lPzJCVyz9yGI0u","onDragMove",-401]],[[2,"d6bfcZd53lPzJCVyz9yGI0u","onDragEnd",-400]]]],[0,"10UTTFDDBPW7AoxB9pb5cr",1],[5,181,332],[0,0,0,0,0,0,1,0.7,0.7,1]],[6,"option_9",7,[-412,-413],[[4,false,-406,[270],271],[9,-407,7,13],[5,-411,[[2,"d6bfcZd53lPzJCVyz9yGI0u","onDragStart",-410]],[[2,"d6bfcZd53lPzJCVyz9yGI0u","onDragMove",-409]],[[2,"d6bfcZd53lPzJCVyz9yGI0u","onDragEnd",-408]]]],[0,"761OiyPP1DfLt+eC78vQe+",1],[5,181,332],[0,0,0,0,0,0,1,0.7,0.7,1]],[6,"option_10",7,[-420,-421],[[4,false,-414,[276],277],[9,-415,7,13],[5,-419,[[2,"d6bfcZd53lPzJCVyz9yGI0u","onDragStart",-418]],[[2,"d6bfcZd53lPzJCVyz9yGI0u","onDragMove",-417]],[[2,"d6bfcZd53lPzJCVyz9yGI0u","onDragEnd",-416]]]],[0,"9d7wtPWwtGDZpvHAfbu0Lk",1],[5,181,332],[0,0,0,0,0,0,1,0.7,0.7,1]],[7,"option_1",8,[-428,-429],[[4,false,-422,[372],373],[9,-423,8,15],[5,-427,[[2,"d6bfcZd53lPzJCVyz9yGI0u","onDragStart",-426]],[[2,"d6bfcZd53lPzJCVyz9yGI0u","onDragMove",-425]],[[2,"d6bfcZd53lPzJCVyz9yGI0u","onDragEnd",-424]]]],[0,"61ar6pu2RAG7yvg7HqMyou",1],[5,130,157]],[7,"option_2",8,[-436,-437],[[4,false,-430,[378],379],[9,-431,8,15],[5,-435,[[2,"d6bfcZd53lPzJCVyz9yGI0u","onDragStart",-434]],[[2,"d6bfcZd53lPzJCVyz9yGI0u","onDragMove",-433]],[[2,"d6bfcZd53lPzJCVyz9yGI0u","onDragEnd",-432]]]],[0,"f7HENPB/BMhKOMUjX8Vzi+",1],[5,130,157]],[7,"option_3",8,[-444,-445],[[4,false,-438,[384],385],[9,-439,8,15],[5,-443,[[2,"d6bfcZd53lPzJCVyz9yGI0u","onDragStart",-442]],[[2,"d6bfcZd53lPzJCVyz9yGI0u","onDragMove",-441]],[[2,"d6bfcZd53lPzJCVyz9yGI0u","onDragEnd",-440]]]],[0,"63iquX9qhBRKXLo9TNlclX",1],[5,130,157]],[7,"option_4",8,[-452,-453],[[4,false,-446,[390],391],[9,-447,8,15],[5,-451,[[2,"d6bfcZd53lPzJCVyz9yGI0u","onDragStart",-450]],[[2,"d6bfcZd53lPzJCVyz9yGI0u","onDragMove",-449]],[[2,"d6bfcZd53lPzJCVyz9yGI0u","onDragEnd",-448]]]],[0,"b9lt6IqTFF/KPtoJuqAEit",1],[5,130,157]],[7,"option_5",8,[-460,-461],[[4,false,-454,[396],397],[9,-455,8,15],[5,-459,[[2,"d6bfcZd53lPzJCVyz9yGI0u","onDragStart",-458]],[[2,"d6bfcZd53lPzJCVyz9yGI0u","onDragMove",-457]],[[2,"d6bfcZd53lPzJCVyz9yGI0u","onDragEnd",-456]]]],[0,"eblBdrRc5FC5GR5hdQyDQ3",1],[5,130,157]],[7,"option_6",8,[-468,-469],[[4,false,-462,[402],403],[9,-463,8,15],[5,-467,[[2,"d6bfcZd53lPzJCVyz9yGI0u","onDragStart",-466]],[[2,"d6bfcZd53lPzJCVyz9yGI0u","onDragMove",-465]],[[2,"d6bfcZd53lPzJCVyz9yGI0u","onDragEnd",-464]]]],[0,"755oH1THVC173UV5R4D5Uo",1],[5,130,157]],[7,"option_7",8,[-476,-477],[[4,false,-470,[408],409],[9,-471,8,15],[5,-475,[[2,"d6bfcZd53lPzJCVyz9yGI0u","onDragStart",-474]],[[2,"d6bfcZd53lPzJCVyz9yGI0u","onDragMove",-473]],[[2,"d6bfcZd53lPzJCVyz9yGI0u","onDragEnd",-472]]]],[0,"f4PHChqiNGfbuB8/Ze0rK7",1],[5,130,157]],[7,"option_8",8,[-484,-485],[[4,false,-478,[414],415],[9,-479,8,15],[5,-483,[[2,"d6bfcZd53lPzJCVyz9yGI0u","onDragStart",-482]],[[2,"d6bfcZd53lPzJCVyz9yGI0u","onDragMove",-481]],[[2,"d6bfcZd53lPzJCVyz9yGI0u","onDragEnd",-480]]]],[0,"a3gmGwLYJNFKOR7uhwMeLQ",1],[5,130,157]],[7,"option_9",8,[-492,-493],[[4,false,-486,[420],421],[9,-487,8,15],[5,-491,[[2,"d6bfcZd53lPzJCVyz9yGI0u","onDragStart",-490]],[[2,"d6bfcZd53lPzJCVyz9yGI0u","onDragMove",-489]],[[2,"d6bfcZd53lPzJCVyz9yGI0u","onDragEnd",-488]]]],[0,"4cSO7i5qlIHYMMPXzHJxHp",1],[5,130,157]],[7,"option_1",2,[-499,-500],[[12,-494,2,5,6],[5,-498,[[2,"d6bfcZd53lPzJCVyz9yGI0u","onDragStart",-497]],[[2,"d6bfcZd53lPzJCVyz9yGI0u","onDragMove",-496]],[[2,"d6bfcZd53lPzJCVyz9yGI0u","onDragEnd",-495]]]],[0,"f2cV4EulNFo5XWcRk/tqJN",1],[5,76,119]],[7,"option_2",2,[-506,-507],[[12,-501,2,5,6],[5,-505,[[2,"d6bfcZd53lPzJCVyz9yGI0u","onDragStart",-504]],[[2,"d6bfcZd53lPzJCVyz9yGI0u","onDragMove",-503]],[[2,"d6bfcZd53lPzJCVyz9yGI0u","onDragEnd",-502]]]],[0,"65jXrwDKZMpIqHDKUyjR0V",1],[5,76,119]],[7,"option_3",2,[-513,-514],[[12,-508,2,5,6],[5,-512,[[2,"d6bfcZd53lPzJCVyz9yGI0u","onDragStart",-511]],[[2,"d6bfcZd53lPzJCVyz9yGI0u","onDragMove",-510]],[[2,"d6bfcZd53lPzJCVyz9yGI0u","onDragEnd",-509]]]],[0,"b3Dov7y9tDzpXj3l9EeRI3",1],[5,76,119]],[7,"option_4",2,[-520,-521],[[12,-515,2,5,6],[5,-519,[[2,"d6bfcZd53lPzJCVyz9yGI0u","onDragStart",-518]],[[2,"d6bfcZd53lPzJCVyz9yGI0u","onDragMove",-517]],[[2,"d6bfcZd53lPzJCVyz9yGI0u","onDragEnd",-516]]]],[0,"d7QcORAPFMa4aGPKyk8wd0",1],[5,76,119]],[7,"option_5",2,[-527,-528],[[12,-522,2,5,6],[5,-526,[[2,"d6bfcZd53lPzJCVyz9yGI0u","onDragStart",-525]],[[2,"d6bfcZd53lPzJCVyz9yGI0u","onDragMove",-524]],[[2,"d6bfcZd53lPzJCVyz9yGI0u","onDragEnd",-523]]]],[0,"96eN6XZfNND4VUwB0L8A5Y",1],[5,76,119]],[7,"option_6",2,[-534,-535],[[12,-529,2,5,6],[5,-533,[[2,"d6bfcZd53lPzJCVyz9yGI0u","onDragStart",-532]],[[2,"d6bfcZd53lPzJCVyz9yGI0u","onDragMove",-531]],[[2,"d6bfcZd53lPzJCVyz9yGI0u","onDragEnd",-530]]]],[0,"a8JHToQXhLRrSw2mtU/gl4",1],[5,76,119]],[7,"option_7",2,[-541,-542],[[12,-536,2,5,6],[5,-540,[[2,"d6bfcZd53lPzJCVyz9yGI0u","onDragStart",-539]],[[2,"d6bfcZd53lPzJCVyz9yGI0u","onDragMove",-538]],[[2,"d6bfcZd53lPzJCVyz9yGI0u","onDragEnd",-537]]]],[0,"e4mbqlHjFNSpM/aZt3Lqx+",1],[5,76,119]],[7,"option_8",2,[-548,-549],[[12,-543,2,5,6],[5,-547,[[2,"d6bfcZd53lPzJCVyz9yGI0u","onDragStart",-546]],[[2,"d6bfcZd53lPzJCVyz9yGI0u","onDragMove",-545]],[[2,"d6bfcZd53lPzJCVyz9yGI0u","onDragEnd",-544]]]],[0,"99Khh8qtxL95iz9JcMCNpI",1],[5,76,119]],[7,"option_9",2,[-555,-556],[[12,-550,2,5,6],[5,-554,[[2,"d6bfcZd53lPzJCVyz9yGI0u","onDragStart",-553]],[[2,"d6bfcZd53lPzJCVyz9yGI0u","onDragMove",-552]],[[2,"d6bfcZd53lPzJCVyz9yGI0u","onDragEnd",-551]]]],[0,"d22T8zs1lM8KXeeBJR+Hb9",1],[5,76,119]],[7,"option_10",2,[-562,-563],[[12,-557,2,5,6],[5,-561,[[2,"d6bfcZd53lPzJCVyz9yGI0u","onDragStart",-560]],[[2,"d6bfcZd53lPzJCVyz9yGI0u","onDragMove",-559]],[[2,"d6bfcZd53lPzJCVyz9yGI0u","onDragEnd",-558]]]],[0,"86ccXli25PwaPw5zIV/E4A",1],[5,76,119]],[7,"option_11",2,[-569,-570],[[12,-564,2,5,6],[5,-568,[[2,"d6bfcZd53lPzJCVyz9yGI0u","onDragStart",-567]],[[2,"d6bfcZd53lPzJCVyz9yGI0u","onDragMove",-566]],[[2,"d6bfcZd53lPzJCVyz9yGI0u","onDragEnd",-565]]]],[0,"52xoosA1hLX76hCXDbQqWZ",1],[5,76,119]],[7,"option_12",2,[-576,-577],[[12,-571,2,5,6],[5,-575,[[2,"d6bfcZd53lPzJCVyz9yGI0u","onDragStart",-574]],[[2,"d6bfcZd53lPzJCVyz9yGI0u","onDragMove",-573]],[[2,"d6bfcZd53lPzJCVyz9yGI0u","onDragEnd",-572]]]],[0,"56v9CqUKNHNJYq6CPt2KzT",1],[5,76,119]],[7,"option_13",2,[-583,-584],[[12,-578,2,5,6],[5,-582,[[2,"d6bfcZd53lPzJCVyz9yGI0u","onDragStart",-581]],[[2,"d6bfcZd53lPzJCVyz9yGI0u","onDragMove",-580]],[[2,"d6bfcZd53lPzJCVyz9yGI0u","onDragEnd",-579]]]],[0,"0dQi7O84hIzIs54Kevpblk",1],[5,76,119]],[7,"option_14",2,[-590,-591],[[12,-585,2,5,6],[5,-589,[[2,"d6bfcZd53lPzJCVyz9yGI0u","onDragStart",-588]],[[2,"d6bfcZd53lPzJCVyz9yGI0u","onDragMove",-587]],[[2,"d6bfcZd53lPzJCVyz9yGI0u","onDragEnd",-586]]]],[0,"9cj1w0ZNlPmooj6s706I7W",1],[5,76,119]],[7,"option_15",2,[-597,-598],[[12,-592,2,5,6],[5,-596,[[2,"d6bfcZd53lPzJCVyz9yGI0u","onDragStart",-595]],[[2,"d6bfcZd53lPzJCVyz9yGI0u","onDragMove",-594]],[[2,"d6bfcZd53lPzJCVyz9yGI0u","onDragEnd",-593]]]],[0,"0ctlCqOstPL4aGF7QRVyIk",1],[5,76,119]],[7,"option_16",2,[-604,-605],[[12,-599,2,5,6],[5,-603,[[2,"d6bfcZd53lPzJCVyz9yGI0u","onDragStart",-602]],[[2,"d6bfcZd53lPzJCVyz9yGI0u","onDragMove",-601]],[[2,"d6bfcZd53lPzJCVyz9yGI0u","onDragEnd",-600]]]],[0,"4fbmrvLKNLvLemH3Jdf0/V",1],[5,76,119]],[7,"option_17",2,[-611,-612],[[12,-606,2,5,6],[5,-610,[[2,"d6bfcZd53lPzJCVyz9yGI0u","onDragStart",-609]],[[2,"d6bfcZd53lPzJCVyz9yGI0u","onDragMove",-608]],[[2,"d6bfcZd53lPzJCVyz9yGI0u","onDragEnd",-607]]]],[0,"ecj6uvgm9Gm4TCDfG7p0d2",1],[5,76,119]],[7,"option_18",2,[-618,-619],[[12,-613,2,5,6],[5,-617,[[2,"d6bfcZd53lPzJCVyz9yGI0u","onDragStart",-616]],[[2,"d6bfcZd53lPzJCVyz9yGI0u","onDragMove",-615]],[[2,"d6bfcZd53lPzJCVyz9yGI0u","onDragEnd",-614]]]],[0,"adj0vcxI9NLZdSdInIyWdd",1],[5,76,119]],[7,"option_19",2,[-625,-626],[[12,-620,2,5,6],[5,-624,[[2,"d6bfcZd53lPzJCVyz9yGI0u","onDragStart",-623]],[[2,"d6bfcZd53lPzJCVyz9yGI0u","onDragMove",-622]],[[2,"d6bfcZd53lPzJCVyz9yGI0u","onDragEnd",-621]]]],[0,"e4JztneDhPgJ9zEuLk8LC5",1],[5,76,119]],[7,"option_20",2,[-632,-633],[[12,-627,2,5,6],[5,-631,[[2,"d6bfcZd53lPzJCVyz9yGI0u","onDragStart",-630]],[[2,"d6bfcZd53lPzJCVyz9yGI0u","onDragMove",-629]],[[2,"d6bfcZd53lPzJCVyz9yGI0u","onDragEnd",-628]]]],[0,"63m+xEX0hG25KU/882IPcH",1],[5,76,119]],[6,"鱼塘 copy",9,[10,-637],[[4,false,-634,[58],59],[29,false,1,60,22,-635],[13,-636,[[2,"aeaa8xEgClClburPcZ3ON9w","onClickShowRedLine",9]]]],[0,"062a+nNRlNNZ/IAFmEIewT",1],[5,1364,314],[230,-129.854,0,0,0,0,1,1,1,1]],[17,"bottom",[15,-640],[[29,false,1,60,22,-638],[13,-639,[[2,"a097ak57U5OCoQbwuW0scJG","onClickShowRedLine",12]]]],[0,"ddPBuy8D1GGakjFxTUOyDx",1],[5,1522,198],[6,-66.182,0,0,0,0,1,1,1,1]],[6,"gulugulu",4,[5,-643],[[1,-641,[484],485],[13,-642,[[2,"d6c08j8t8NGKpDO9VgwCmvW","onClickShowRedLine_1",4]]]],[0,"91PQ1laYlBu6VyduzH5tDk",1],[5,1244,219],[90,0,0,0,0,0,1,1,1,1]],[6,"jianjian",4,[6,-646],[[1,-644,[488],489],[13,-645,[[2,"d6c08j8t8NGKpDO9VgwCmvW","onClickShowRedLine_2",4]]]],[0,"71CpXeJIBD5r+cujeZuBOE",1],[5,1244,219],[90,-228,0,0,0,0,1,1,1,1]],[6,"鱼",16,[-648,-649],[[4,false,-647,[8],9]],[0,"16iq8QzpRO34b/dWSOiVrB",1],[5,76,119],[-584,33,0,0,0,0,1,1,1,1]],[6,"鱼 copy",16,[-651,-652],[[4,false,-650,[14],15]],[0,"2ex0f0rGNHCL9l+0EZyA8E",1],[5,76,119],[-486,33,0,0,0,0,1,1,1,1]],[6,"鱼 copy",16,[-654,-655],[[4,false,-653,[20],21]],[0,"e8BxyWr9tMfbxEsrzR2dWm",1],[5,76,119],[-388,33,0,0,0,0,1,1,1,1]],[6,"鱼 copy",16,[-657,-658],[[4,false,-656,[26],27]],[0,"76P1o5BHJG1ZczFj0bawiv",1],[5,76,119],[-290,33,0,0,0,0,1,1,1,1]],[6,"鱼 copy",16,[-660,-661],[[4,false,-659,[32],33]],[0,"d136jDwnRNrLM8wOFWYxpm",1],[5,76,119],[-192,33,0,0,0,0,1,1,1,1]],[6,"鱼 copy",16,[-663,-664],[[4,false,-662,[38],39]],[0,"734/OjS2RAoJFIwb0uzGHi",1],[5,76,119],[-94,33,0,0,0,0,1,1,1,1]],[6,"鱼 copy",16,[-666,-667],[[4,false,-665,[44],45]],[0,"e7uYcpJKlKjpDn5jj0ViRA",1],[5,76,119],[4,33,0,0,0,0,1,1,1,1]],[6,"鱼 copy",16,[-669,-670],[[4,false,-668,[50],51]],[0,"0dQvyPn5FPu6rDWz2/5Hma",1],[5,76,119],[102,33,0,0,0,0,1,1,1,1]],[15,"放置框发光",false,76,[[1,-671,[56],57]],[0,"5dVPMLRlRN87/ZlW6mkSTb",1],[5,1457,366],[0,15,0,0,0,0,1,1,1,1]],[8,"魔法棒",9,[[1,-672,[68],69],[16,true,-673,[[2,"aeaa8xEgClClburPcZ3ON9w","onClickChange",9]]]],[0,"74mJgX+zxEbJucFZZehTeY",1],[5,150,152],[630,-412.729,0,0,0,0,1,1,1,1]],[6,"第一队",11,[13],[[1,-674,[166],167],[13,-675,[[2,"1a3a89wJV5GV7QdaArRrBcq","onClickShowRedLine",11]]]],[0,"4dzQyq8bxNbZOivLRKu9EG",1],[5,260,248],[-760,206.095,0,0,0,0,1,1,1,1]],[6,"第二队",11,[18],[[1,-676,[210],211],[13,-677,[[2,"1a3a89wJV5GV7QdaArRrBcq","onClickShowRedLine",11]]]],[0,"7di0eGCthFBrOWIAEqWqxq",1],[5,239,243],[-760,-119.758,0,0,0,0,1,1,1,1]],[6,"1",18,[-679,-680],[[19,false,0,-678,[172],173]],[0,"bdW9Gpma1C3K/F0wgPMbzG",1],[5,181,321],[-736.65,0,0,0,0,0,1,0.7,0.7,1]],[6,"2",18,[-682,-683],[[19,false,0,-681,[178],179]],[0,"cfTyT+uLlHh6ILfAC41ZFs",1],[5,181,327],[-579.9499999999999,0,0,0,0,0,1,0.7,0.7,1]],[6,"女孩左3",18,[-685,-686],[[19,false,0,-684,[184],185]],[0,"7bvEi11chFJKjhbM8tZ+aw",1],[5,181,338],[-423.2499999999999,0,0,0,0,0,1,0.7,0.7,1]],[6,"左4",18,[-688,-689],[[19,false,0,-687,[190],191]],[0,"a9BdPUEEdKYopLqhCC51CA",1],[5,181,327],[-266.54999999999984,0,0,0,0,0,1,0.7,0.7,1]],[6,"左6",18,[-691,-692],[[19,false,0,-690,[196],197]],[0,"87APWZBmFA1bLXzD5hliF3",1],[5,181,327],[-109.84999999999985,0,0,0,0,0,1,0.7,0.7,1]],[6,"左七",18,[-694,-695],[[19,false,0,-693,[202],203]],[0,"fe6pRDvVdE0KmT3LBGjrE9",1],[5,181,330],[46.850000000000136,0,0,0,0,0,1,0.7,0.7,1]],[6,"左五",18,[-697,-698],[[19,false,0,-696,[208],209]],[0,"f1RMEvyWRNdpTtCclpEp+i",1],[5,181,328],[203.55000000000013,0,0,0,0,0,1,0.7,0.7,1]],[8,"魔法棒",11,[[1,-699,[216],217],[16,true,-700,[[2,"1a3a89wJV5GV7QdaArRrBcq","onClickChange",11]]]],[0,"84yF4hpKRNRZe3P6BBaF0r",1],[5,150,152],[630,-412.729,0,0,0,0,1,1,1,1]],[6,"柜子",12,[14,77],[[1,-701,[354],355]],[0,"0evf0P8NlHzb9Z1BM85ruU",1],[5,1595,695],[-30.636,0,0,0,0,0,1,1,1,1]],[6,"熊",14,[-703,-704],[[4,false,-702,[298],299]],[0,"80OWXNCOVN5KCGrf26OOpm",1],[5,130,157],[-636,0,0,0,0,0,1,1,1,1]],[6,"熊 copy",14,[-706,-707],[[4,false,-705,[304],305]],[0,"3eMgweWHxESaPR7Q9pogrw",1],[5,130,157],[-476,0,0,0,0,0,1,1,1,1]],[6,"熊 copy",14,[-709,-710],[[4,false,-708,[310],311]],[0,"782E76XfFFnK2C4AfbL3sX",1],[5,130,157],[-316,0,0,0,0,0,1,1,1,1]],[6,"熊 copy",14,[-712,-713],[[4,false,-711,[316],317]],[0,"746Beo+IhF2YEvqpMncFYi",1],[5,130,157],[-156,0,0,0,0,0,1,1,1,1]],[6,"熊 copy",14,[-715,-716],[[4,false,-714,[322],323]],[0,"7drKXjoU9BobAjvGAukUUn",1],[5,130,157],[4,0,0,0,0,0,1,1,1,1]],[6,"熊 copy",14,[-718,-719],[[4,false,-717,[328],329]],[0,"38rYc7Fc1PpInNxTTT6FHs",1],[5,130,157],[164,0,0,0,0,0,1,1,1,1]],[6,"熊 copy",14,[-721,-722],[[4,false,-720,[334],335]],[0,"542j6bjWBGs4tyYfWvOTGT",1],[5,130,157],[324,0,0,0,0,0,1,1,1,1]],[6,"熊 copy",14,[-724,-725],[[4,false,-723,[340],341]],[0,"9ca7FP+V1AQ6L7cZz5uhAA",1],[5,130,157],[484,0,0,0,0,0,1,1,1,1]],[6,"熊 copy",14,[-727,-728],[[4,false,-726,[346],347]],[0,"aeMPFMrnFAP7zW23MC/cnb",1],[5,130,157],[644,0,0,0,0,0,1,1,1,1]],[34,"放置框发光",false,77,[[1,-729,[352],353]],[0,"ceNhXRV25HIYeV7QZSMXhX",1],[5,1522,198]],[8,"魔法棒",12,[[1,-730,[426],427],[16,true,-731,[[2,"a097ak57U5OCoQbwuW0scJG","onClickChange",12]]]],[0,"7bi++JFjBLiZ6J+2O0hu/o",1],[5,150,152],[630,-432.224,0,0,0,0,1,1,1,1]],[15,"第四题_白色描边",false,78,[[1,-732,[482],483]],[0,"1al62AVc9KxZ8NZ3vdQd9G",1],[5,1223,194],[0,13.338,0,0,0,0,1,1,1,1]],[15,"第四题_白色描边",false,79,[[1,-733,[486],487]],[0,"b3KbgbbT1AfIx3Se76/IDd",1],[5,1223,194],[0,13.338,0,0,0,0,1,1,1,1]],[8,"魔法棒",4,[[1,-734,[492],493],[16,true,-735,[[2,"d6c08j8t8NGKpDO9VgwCmvW","onClickChange",4]]]],[0,"a1UJNFJXpKsIWglOg1oa/A",1],[5,150,152],[630,-437.795,0,0,0,0,1,1,1,1]],[15,"红线",false,9,[[1,-736,[60],61]],[0,"51vxurLcVM5ZhFCGeE/fNF",1],[5,8,536],[380,78,0,0,0,0,1,1,1,1]],[8,"提交按钮",9,[[1,-737,[66],67],[16,true,-738,[[2,"aeaa8xEgClClburPcZ3ON9w","onClickCheck",9]]]],[0,"50pHAIju5KPq9Ai/j0jaXi",1],[5,150,152],[815,-412.729,0,0,0,0,1,1,1,1]],[15,"红线",false,11,[[1,-739,[212],213]],[0,"2fzBT7HeVCAbksiYSK6ZjI",1],[5,8,536],[474.906,81.905,0,0,0,0,1,1,1,1]],[8,"提交按钮",11,[[1,-740,[214],215],[16,true,-741,[[2,"1a3a89wJV5GV7QdaArRrBcq","onClickCheck",11]]]],[0,"40tYIY5aFEWpaQAl0lBWvv",1],[5,150,152],[815,-412.729,0,0,0,0,1,1,1,1]],[8,"提交按钮",12,[[1,-742,[424],425],[16,true,-743,[[2,"a097ak57U5OCoQbwuW0scJG","onClickCheck",12]]]],[0,"f9j710vQxEOrpDnyYde7++",1],[5,150,152],[815,-432.224,0,0,0,0,1,1,1,1]],[15,"红线",false,12,[[1,-744,[428],429]],[0,"4fvvfKaa9LvpXsRp+WPkQ0",1],[5,8,536],[219.316,72.105,0,0,0,0,1,1,1,1]],[6,"fangfang",4,[17],[[1,-745,[480],481]],[0,"59F+k+s39Ok7kfxvRW8Jci",1],[5,1244,219],[90,228,0,0,0,0,1,1,1,1]],[14,"option_1",17,[-746,-747],[0,"aa2p6EnKtOyYlwEW2aoXK5",1],[5,76,119],[-499.5,0,0,0,0,0,1,1,1,1]],[14,"option_1 copy",17,[-748,-749],[0,"aa6iPuHZVN34WUheW0NYwy",1],[5,76,119],[-388.5,0,0,0,0,0,1,1,1,1]],[14,"option_1 copy",17,[-750,-751],[0,"45CfsjialIn4XcNgqklMOi",1],[5,76,119],[-277.5,0,0,0,0,0,1,1,1,1]],[14,"option_1 copy",17,[-752,-753],[0,"1eSRbKPDRHAagy+sYF9LLB",1],[5,76,119],[-166.5,0,0,0,0,0,1,1,1,1]],[14,"option_1 copy",17,[-754,-755],[0,"56sBwIYcdH2pTFy458BQaN",1],[5,76,119],[-55.5,0,0,0,0,0,1,1,1,1]],[14,"option_1 copy",17,[-756,-757],[0,"dbji3s2sFF9oIVLAjLpsYE",1],[5,76,119],[55.5,0,0,0,0,0,1,1,1,1]],[14,"option_1 copy",17,[-758,-759],[0,"29kxlahLtIsZWjJYYA0jxP",1],[5,76,119],[166.5,0,0,0,0,0,1,1,1,1]],[14,"option_1 copy",17,[-760,-761],[0,"89qlfssd9KHqMzl4/8LwgD",1],[5,76,119],[277.5,0,0,0,0,0,1,1,1,1]],[14,"option_1 copy",17,[-762,-763],[0,"33FWmvS55IK6Qcc4Z5Rv7/",1],[5,76,119],[388.5,0,0,0,0,0,1,1,1,1]],[14,"option_1 copy",17,[-764,-765],[0,"5eKT2m305HYLoZxiohqwRM",1],[5,76,119],[499.5,0,0,0,0,0,1,1,1,1]],[8,"提交按钮",4,[[1,-766,[490],491],[16,true,-767,[[2,"d6c08j8t8NGKpDO9VgwCmvW","onClickCheck",4]]]],[0,"02Fn6ovjtNPYbAUe12sCOG",1],[5,150,152],[815,-437.795,0,0,0,0,1,1,1,1]],[15,"红线1",false,4,[[18,0,-768,[518],519]],[0,"a3Wx1wg2FH3J7jH8zKnu12",1],[5,8,400],[651.8,126.672,0,0,0,0,1,1,1,1]],[15,"红线2",false,4,[[18,0,-769,[520],521]],[0,"d2Ob+rGphPpKHEPsaeOJhp",1],[5,8,400],[203.31,-89.123,0,0,0,0,1,1,1,1]],[3,"bg_1",9,[[1,-770,[0],1]],[0,"65TqdYY2JKWIsFkc2xNycI",1],[5,2048,1152]],[8,"标题",9,[[1,-771,[2],3]],[0,"07cCHhWbdLeoBNSSHUEDTT",1],[5,1717,122],[-131.624,483.941,0,0,0,0,1,1,1,1]],[3,"circle",80,[[1,-772,[4],5]],[0,"66o0kNp5RD5aQo3VJyp0id",1],[5,85,84]],[3,"icon",80,[[1,-773,[6],7]],[0,"9bO9pHZ9hODJtnswZCVW9R",1],[5,76,119]],[3,"circle",81,[[1,-774,[10],11]],[0,"4dClBpgTREPKsA+3KNP38+",1],[5,85,84]],[3,"icon",81,[[1,-775,[12],13]],[0,"a2KVO7ffZEN7gFzr9kTfUA",1],[5,76,119]],[3,"circle",82,[[1,-776,[16],17]],[0,"c6PCY9VZBCmLSivo6Tw2LV",1],[5,85,84]],[3,"icon",82,[[1,-777,[18],19]],[0,"3ehsGAZ1RJa6tjs1fl2j0d",1],[5,76,119]],[3,"circle",83,[[1,-778,[22],23]],[0,"61GV/T17ZDzZ8Z15vONV7V",1],[5,85,84]],[3,"icon",83,[[1,-779,[24],25]],[0,"bdbD/vXjNOrZkrfw9IYCgl",1],[5,76,119]],[3,"circle",84,[[1,-780,[28],29]],[0,"d8XRfgN+RInq5Feb2Y07rf",1],[5,85,84]],[3,"icon",84,[[1,-781,[30],31]],[0,"d0mDmL0wJCVovNfEvB9AfJ",1],[5,76,119]],[3,"circle",85,[[1,-782,[34],35]],[0,"64SYj3yRJKkbxPZy8LmNJy",1],[5,85,84]],[3,"icon",85,[[1,-783,[36],37]],[0,"88zMBBOWhB8oa5Ftejvcze",1],[5,76,119]],[3,"circle",86,[[1,-784,[40],41]],[0,"a2yQxLmHhGW7wTEZepQeAY",1],[5,85,84]],[3,"icon",86,[[1,-785,[42],43]],[0,"5bBtvZHLRKD6zHDey81Jud",1],[5,76,119]],[3,"circle",87,[[1,-786,[46],47]],[0,"1fHHse3mJG1IHs1tlak9sk",1],[5,85,84]],[3,"icon",87,[[1,-787,[48],49]],[0,"fe74ecTdRBfJpGdoS+QftJ",1],[5,76,119]],[8,"尖尖",9,[[1,-788,[62],63]],[0,"5c8QvSIZ9FVaTmF0fwj5zE",1],[5,397,221],[-750.252,237.675,0,0,0,0,1,1,1,1]],[8,"方方",9,[[1,-789,[64],65]],[0,"3cBfKclzJGc7SnZ7nyaIfN",1],[5,476,332],[-747.388,-100.224,0,0,0,0,1,1,1,1]],[3,"icon",24,[[1,-790,[70],71]],[0,"d0nDqhaqFLwYYN0Tt+CkcY",1],[5,76,119]],[3,"circle",24,[[1,-791,[72],73]],[0,"c1Q5BIyKRLiI1gigqXCpat",1],[5,85,84]],[3,"icon",25,[[1,-792,[76],77]],[0,"093ToAnrJC0omJp27yfRot",1],[5,76,119]],[3,"circle",25,[[1,-793,[78],79]],[0,"00L5QMdchDR7P9rLKVrLyg",1],[5,85,84]],[3,"icon",26,[[1,-794,[82],83]],[0,"993MTA6h1Jl7CcNgipFAQ5",1],[5,76,119]],[3,"circle",26,[[1,-795,[84],85]],[0,"21uv0Z4WlLGpF0eUCafMd/",1],[5,85,84]],[3,"icon",27,[[1,-796,[88],89]],[0,"ebY2UZY0ZEjK+wttRaPK0j",1],[5,76,119]],[3,"circle",27,[[1,-797,[90],91]],[0,"42r2iIoidNtKnVcHbOKVR3",1],[5,85,84]],[3,"icon",28,[[1,-798,[94],95]],[0,"d24WFLbjtA3Znw0RVHw67I",1],[5,76,119]],[3,"circle",28,[[1,-799,[96],97]],[0,"7dg+qJX7FIn66mxDeYFULh",1],[5,85,84]],[3,"icon",29,[[1,-800,[100],101]],[0,"6aOVvboA5LMauJFS10+0Ir",1],[5,76,119]],[3,"circle",29,[[1,-801,[102],103]],[0,"2bS/iWpglB7IeoQad1+6ob",1],[5,85,84]],[3,"icon",30,[[1,-802,[106],107]],[0,"25urbMnZ9GIrpja6Fic9zl",1],[5,76,119]],[3,"circle",30,[[1,-803,[108],109]],[0,"adcmf8gAZGyJ4NZ25r0t68",1],[5,85,84]],[3,"icon",31,[[1,-804,[112],113]],[0,"257UfuLLtBjrLYhqOdbU3s",1],[5,76,119]],[3,"circle",31,[[1,-805,[114],115]],[0,"6aO1QuQ/5PIJxnYHP5nUYP",1],[5,85,84]],[3,"icon",32,[[1,-806,[118],119]],[0,"ba3RYC1GlPjZ+Hc4v3kvY+",1],[5,76,119]],[3,"circle",32,[[1,-807,[120],121]],[0,"24hJ/aGKlHdqd4DnkFBNOk",1],[5,85,84]],[3,"icon",33,[[1,-808,[124],125]],[0,"36bC+RRo5GerrZGkAGTZfO",1],[5,76,119]],[3,"circle",33,[[1,-809,[126],127]],[0,"4atXZYSE9P9aAZLB3qPYc/",1],[5,85,84]],[3,"icon",34,[[1,-810,[130],131]],[0,"331cKWFQJDgoQVo32G/iV1",1],[5,76,119]],[3,"circle",34,[[1,-811,[132],133]],[0,"9eWjOCa89HmqhkjuZJ02Q8",1],[5,85,84]],[3,"icon",35,[[1,-812,[136],137]],[0,"12XDSfWVRLN4rVwQLoACS9",1],[5,76,119]],[3,"circle",35,[[1,-813,[138],139]],[0,"06vn2d+YJNz5lOFrXqp+7a",1],[5,85,84]],[3,"icon",36,[[1,-814,[142],143]],[0,"c99Svn99pNpYx8L3wFJtra",1],[5,76,119]],[3,"circle",36,[[1,-815,[144],145]],[0,"c7K1baLTtDqK5TItxosM3u",1],[5,85,84]],[10,"New Label",false,19,[[11,"8",150,150,false,1,1,-816,[150],151]],[0,"02MhaWYSVEiK+ruGLTi163",1],[4,4278190080],[5,85.55,189],[-224.34,9,0,0,0,0,1,1,1,1]],[10,"New Label copy",false,19,[[11,"+",150,150,false,1,1,-817,[152],153]],[0,"dcqVqz9TFK1JGcM/AA7459",1],[4,4278190080],[5,111.25,189],[-125.94,9,0,0,0,0,1,1,1,1]],[10,"New Label copy",false,19,[[11,"5",150,150,false,1,1,-818,[154],155]],[0,"b1eMC/5xRH1pp3D4EFZgY/",1],[4,4278190080],[5,85.55,189],[-27.54,9,0,0,0,0,1,1,1,1]],[10,"New Label copy",false,19,[[11,"=",150,150,false,1,1,-819,[156],157]],[0,"dbo+ILQEFPBqTpeowe2FLS",1],[4,4278190080],[5,111.25,189],[70.86,9,0,0,0,0,1,1,1,1]],[10,"New Label copy",false,19,[[11,"13",150,150,false,1,1,-820,[158],159]],[0,"2eyavPJvJBwIiAInv7z5Ar",1],[4,4278190080],[5,140.63,189],[196.8,9,0,0,0,0,1,1,1,1]],[3,"bg_2",11,[[1,-821,[162],163]],[0,"c9nLS6o2FHaaJS3xZG4NzT",1],[5,2048,1152]],[8,"标题",11,[[1,-822,[164],165]],[0,"e1i0i8W4hIS4ZWUVl15Xfr",1],[5,1716,122],[-125.328,483.386,0,0,0,0,1,1,1,1]],[3,"icon",92,[[1,-823,[168],169]],[0,"2bPbUPVWxNDa2quHsc/9ik",1],[5,181,321]],[8,"circle",92,[[1,-824,[170],171]],[0,"9bVyP8nJNOjKDiQdhdFrgP",1],[5,85,84],[0,0,0,0,0,0,1,2,2,1]],[3,"icon",93,[[1,-825,[174],175]],[0,"d9UFshvq5FpryiQtgF2dlo",1],[5,179,327]],[8,"circle",93,[[1,-826,[176],177]],[0,"a8NQ0SiMtJ0LtygHnDU5x/",1],[5,85,84],[0,0,0,0,0,0,1,2,2,1]],[3,"icon",94,[[1,-827,[180],181]],[0,"11Dgj8x7BKGbWKWrdR12Ac",1],[5,191,338]],[8,"circle",94,[[1,-828,[182],183]],[0,"97YnmesuVIV7rD7xP/C2B5",1],[5,85,84],[0,0,0,0,0,0,1,2,2,1]],[3,"icon",95,[[1,-829,[186],187]],[0,"b1ThZJPAhK75NcQ7gvIPCz",1],[5,172,327]],[8,"circle",95,[[1,-830,[188],189]],[0,"c02HQXzn9KdKUQITQqrO4S",1],[5,85,84],[0,0,0,0,0,0,1,2,2,1]],[3,"icon",96,[[1,-831,[192],193]],[0,"68OL1GOqhHeqyl4l+MMGGH",1],[5,193,327]],[8,"circle",96,[[1,-832,[194],195]],[0,"24rVQ/jY1H37VKw5K5kDWx",1],[5,85,84],[0,0,0,0,0,0,1,2,2,1]],[3,"icon",97,[[1,-833,[198],199]],[0,"24g6qk/i9Ji4rmahyVdzrZ",1],[5,194,330]],[8,"circle",97,[[1,-834,[200],201]],[0,"e6lAjPaGlFdK4kKAL16FvA",1],[5,85,84],[0,0,0,0,0,0,1,2,2,1]],[3,"icon",98,[[1,-835,[204],205]],[0,"18Ee0zaUlBiYcBbE/2Ds9+",1],[5,207,328]],[8,"circle",98,[[1,-836,[206],207]],[0,"8ex5qk8VZAQrI4bMwVNNu/",1],[5,85,84],[0,0,0,0,0,0,1,2,2,1]],[3,"icon",37,[[1,-837,[218],219]],[0,"0eC2Mf539KjJ5W9yh6Tz5v",1],[5,181,332]],[8,"circle",37,[[1,-838,[220],221]],[0,"7c2nV3CuxI3rRXkM+er6BL",1],[5,85,84],[0,0,0,0,0,0,1,2,2,1]],[3,"icon",38,[[1,-839,[224],225]],[0,"0ftOhzhONHo4IPHNbjJk04",1],[5,181,332]],[8,"circle",38,[[1,-840,[226],227]],[0,"d45DXwO1lJf7TAXrOqPOgB",1],[5,85,84],[0,0,0,0,0,0,1,2,2,1]],[3,"icon",39,[[1,-841,[230],231]],[0,"83lRHwUedAJamrbzEM6m4u",1],[5,181,332]],[8,"circle",39,[[1,-842,[232],233]],[0,"e1BUvLIldAYLbq/oPWGk0Y",1],[5,85,84],[0,0,0,0,0,0,1,2,2,1]],[3,"icon",40,[[1,-843,[236],237]],[0,"56DM2Oo7lPcIVhbp0CuyBm",1],[5,181,332]],[8,"circle",40,[[1,-844,[238],239]],[0,"f0G23gMdxNFLOi9nkqXCYu",1],[5,85,84],[0,0,0,0,0,0,1,2,2,1]],[3,"icon",41,[[1,-845,[242],243]],[0,"e70GL2GaxCF65TwouOLLqS",1],[5,181,332]],[8,"circle",41,[[1,-846,[244],245]],[0,"de2Yvb24RKD57tmhEH9dz6",1],[5,85,84],[0,0,0,0,0,0,1,2,2,1]],[3,"icon",42,[[1,-847,[248],249]],[0,"97/A4xDKRA9pLTAcgBdM24",1],[5,181,332]],[8,"circle",42,[[1,-848,[250],251]],[0,"0fteXJ1IpJ/Ie0510GwhjE",1],[5,85,84],[0,0,0,0,0,0,1,2,2,1]],[3,"icon",43,[[1,-849,[254],255]],[0,"37H+WEr1NE868/fpFDD//R",1],[5,181,332]],[8,"circle",43,[[1,-850,[256],257]],[0,"d6oXAQg9NNC5t5xgsTv3S4",1],[5,85,84],[0,0,0,0,0,0,1,2,2,1]],[3,"icon",44,[[1,-851,[260],261]],[0,"e9J/fGbKxCSJMk7uS3MAkX",1],[5,181,332]],[8,"circle",44,[[1,-852,[262],263]],[0,"bcg5dr8OBBlLDFMvkp4rAI",1],[5,85,84],[0,0,0,0,0,0,1,2,2,1]],[3,"icon",45,[[1,-853,[266],267]],[0,"ecWfPOb6NJV5Lr21qYp2Z4",1],[5,181,332]],[8,"circle",45,[[1,-854,[268],269]],[0,"dajCLR0alLpJpGygRReb2Z",1],[5,85,84],[0,0,0,0,0,0,1,2,2,1]],[3,"icon",46,[[1,-855,[272],273]],[0,"c5q+vrrsxFQL8jG9L6mxp9",1],[5,181,332]],[8,"circle",46,[[1,-856,[274],275]],[0,"46CuNM8jNCJ6iIBCupL+RY",1],[5,85,84],[0,0,0,0,0,0,1,2,2,1]],[10,"New Label",false,20,[[11,"7",150,150,false,1,1,-857,[278],279]],[0,"6dmyiwkj5Hp5dTHolpUREI",1],[4,4278190080],[5,80.27,189],[-224.34,9,0,0,0,0,1,1,1,1]],[10,"New Label copy",false,20,[[11,"+",150,150,false,1,1,-858,[280],281]],[0,"52SPErObhLg6C8JGS9JbWz",1],[4,4278190080],[5,111.25,189],[-125.94,9,0,0,0,0,1,1,1,1]],[10,"New Label copy",false,20,[[11,"3",150,150,false,1,1,-859,[282],283]],[0,"c9Dbw+P+VAgKfuk9SuxbE5",1],[4,4278190080],[5,85.55,189],[-27.54,9,0,0,0,0,1,1,1,1]],[10,"New Label copy",false,20,[[11,"=",150,150,false,1,1,-860,[284],285]],[0,"75ceb8/qZNjolLlQuN9rcr",1],[4,4278190080],[5,111.25,189],[70.86,9,0,0,0,0,1,1,1,1]],[10,"New Label copy",false,20,[[11,"10",150,150,false,1,1,-861,[286],287]],[0,"d1HFHUhj9NirCtNd3nBODs",1],[4,4278190080],[5,140.63,189],[196.8,9,0,0,0,0,1,1,1,1]],[3,"bg_3",12,[[1,-862,[290],291]],[0,"6ePZEKOYtD2ol7UZwkIeDc",1],[5,2048,1152]],[8,"标题",12,[[1,-863,[292],293]],[0,"c2P9EltnpIGacfS/6BzRZd",1],[5,1716,122],[-130.898,487.386,0,0,0,0,1,1,1,1]],[3,"icon",101,[[1,-864,[294],295]],[0,"bahB3kENNHOaZCSXYqN+mO",1],[5,130,157]],[3,"circle",101,[[1,-865,[296],297]],[0,"c6A/WX7EVI4aj+KWhC+LIZ",1],[5,85,84]],[3,"icon",102,[[1,-866,[300],301]],[0,"3brOt8xLZAMq6zRO95dkTQ",1],[5,130,157]],[3,"circle",102,[[1,-867,[302],303]],[0,"01G/R0RShFQLgWsIdNfISA",1],[5,85,84]],[3,"icon",103,[[1,-868,[306],307]],[0,"809pBOCXNLjKH/ahSYFl/y",1],[5,130,157]],[3,"circle",103,[[1,-869,[308],309]],[0,"14AQwAVt1Ea5Kv2QiuOFmO",1],[5,85,84]],[3,"icon",104,[[1,-870,[312],313]],[0,"931pSjR+1Ng4b68ehIJSI2",1],[5,130,157]],[3,"circle",104,[[1,-871,[314],315]],[0,"645ZPj64FJB6KEMRO5X3/F",1],[5,85,84]],[3,"icon",105,[[1,-872,[318],319]],[0,"67nrlffftAuoLz/eNk7QNw",1],[5,130,157]],[3,"circle",105,[[1,-873,[320],321]],[0,"eb3Jcsz1FEwKwshCZGxGvb",1],[5,85,84]],[3,"icon",106,[[1,-874,[324],325]],[0,"81NPqgWC5OHpHDWCNGTK60",1],[5,130,157]],[3,"circle",106,[[1,-875,[326],327]],[0,"9cqYiHSeJOSJiU5Czb/ng9",1],[5,85,84]],[3,"icon",107,[[1,-876,[330],331]],[0,"3er9Zm6W5Io7N2/90Pio/v",1],[5,130,157]],[3,"circle",107,[[1,-877,[332],333]],[0,"b7Xa21iWFKJ5ghUHcm+am9",1],[5,85,84]],[3,"icon",108,[[1,-878,[336],337]],[0,"57wpyduutEN4li4tnbx+ET",1],[5,130,157]],[3,"circle",108,[[1,-879,[338],339]],[0,"5fEdEGbKxL36KECtvI25hy",1],[5,85,84]],[3,"icon",109,[[1,-880,[342],343]],[0,"7dkDwJSXtAQod7whwoXvDB",1],[5,130,157]],[3,"circle",109,[[1,-881,[344],345]],[0,"27vSNkGWVBNItqOTcnUCUy",1],[5,85,84]],[10,"New Label",false,21,[[11,"9",150,150,false,1,1,-882,[356],357]],[0,"80bfNT0ehA6LkhFAxg+AfK",1],[4,4278190080],[5,85.55,189],[-173.62,9,0,0,0,0,1,1,1,1]],[10,"New Label copy",false,21,[[11,"-",150,150,false,1,1,-883,[358],359]],[0,"98ftz2jHlDqZFi1xbDZyQC",1],[4,4278190080],[5,64.89,189],[-98.4,9,0,0,0,0,1,1,1,1]],[10,"New Label copy",false,21,[[11,"3",150,150,false,1,1,-884,[360],361]],[0,"cfwn19ObRNEZwrbNqctifC",1],[4,4278190080],[5,85.55,189],[-23.180000000000014,9,0,0,0,0,1,1,1,1]],[10,"New Label copy",false,21,[[11,"=",150,150,false,1,1,-885,[362],363]],[0,"d5kaA+tKFLQYN5dIyObVWu",1],[4,4278190080],[5,111.25,189],[75.21999999999998,9,0,0,0,0,1,1,1,1]],[10,"New Label copy",false,21,[[11,"6",150,150,false,1,1,-886,[364],365]],[0,"d51atmZHRLg7iBSszNrkRB",1],[4,4278190080],[5,85.55,189],[173.61999999999998,9,0,0,0,0,1,1,1,1]],[3,"icon",47,[[1,-887,[368],369]],[0,"77ZRWPYhlF3pkJxZoFmm1Y",1],[5,130,157]],[3,"circle",47,[[1,-888,[370],371]],[0,"0fg693i6NDfou05ME4SqBm",1],[5,85,84]],[3,"icon",48,[[1,-889,[374],375]],[0,"4b81c8Q05Nj5ZMUWdufZuE",1],[5,130,157]],[3,"circle",48,[[1,-890,[376],377]],[0,"89fDqExHdCPraFfY90WU5H",1],[5,85,84]],[3,"icon",49,[[1,-891,[380],381]],[0,"08hHV/2h1I4aljtC+mQRAI",1],[5,130,157]],[3,"circle",49,[[1,-892,[382],383]],[0,"d4qzOAogVE36eT0cKQIizY",1],[5,85,84]],[3,"icon",50,[[1,-893,[386],387]],[0,"f7S8Pof+1CtqZlwgLA4Q3Z",1],[5,130,157]],[3,"circle",50,[[1,-894,[388],389]],[0,"a8LYpnovpI4qz/IJiRZJJb",1],[5,85,84]],[3,"icon",51,[[1,-895,[392],393]],[0,"7656cPEMhGMY8FHAp2xqY4",1],[5,130,157]],[3,"circle",51,[[1,-896,[394],395]],[0,"81+t2PYg5BNqA3Q9X6apap",1],[5,85,84]],[3,"icon",52,[[1,-897,[398],399]],[0,"703jPz+stBCI2Vs794nUoZ",1],[5,130,157]],[3,"circle",52,[[1,-898,[400],401]],[0,"a5Fi1QwGZMW7stC4HNuhP3",1],[5,85,84]],[3,"icon",53,[[1,-899,[404],405]],[0,"17b6nFs/5BYpkam7bDoZCu",1],[5,130,157]],[3,"circle",53,[[1,-900,[406],407]],[0,"3dt1kMYk1JR5JY3kdW5ZIs",1],[5,85,84]],[3,"icon",54,[[1,-901,[410],411]],[0,"4bfk+s+KdAcIqUUrRG+Ip+",1],[5,130,157]],[3,"circle",54,[[1,-902,[412],413]],[0,"7c80+oYwtIPrRBcsyHDVLv",1],[5,85,84]],[3,"icon",55,[[1,-903,[416],417]],[0,"12pJrqImRFRLiv23kKKGEx",1],[5,130,157]],[3,"circle",55,[[1,-904,[418],419]],[0,"48WN7W2JdJyadqT/6svlLL",1],[5,85,84]],[3,"bg_4",4,[[1,-905,[430],431]],[0,"abw5me34VPM5KEFhqbYe4p",1],[5,2048,1152]],[8,"标题",4,[[1,-906,[432],433]],[0,"94EbBSg4pAZ7vXgQqhSiiL",1],[5,1717,122],[-121.698,473.636,0,0,0,0,1,1,1,1]],[8,"尖尖",4,[[1,-907,[434],435]],[0,"c0N0eDEfVNIL2SUiuUupya",1],[5,230,162],[-665.63,-209.627,0,0,0,0,1,1,1,1]],[8,"方方",4,[[1,-908,[436],437]],[0,"bfykHlE05Lt78wyfhgAyfR",1],[5,214,220],[-668.415,234.095,0,0,0,0,1,1,1,1]],[8,"蓝精灵",4,[[1,-909,[438],439]],[0,"adB1olAfFFgYPxGISmOAEI",1],[5,211,245],[-671.2,27.169,0,0,0,0,1,1,1,1]],[3,"icon",122,[[1,-910,[440],441]],[0,"11U7aEcRlFYo3+7uDDOKGR",1],[5,99,99]],[3,"circle",122,[[1,-911,[442],443]],[0,"0e6F1EaTNCgJmAGHq07DXu",1],[5,85,84]],[3,"icon",123,[[1,-912,[444],445]],[0,"f46ClVbPNE6ocv28d8nQyK",1],[5,99,99]],[3,"circle",123,[[1,-913,[446],447]],[0,"dd5OX/Zl5BN7Sq7OQ+UjGC",1],[5,85,84]],[3,"icon",124,[[1,-914,[448],449]],[0,"bcaeuPOzlDspyDzXwyhlZL",1],[5,99,99]],[3,"circle",124,[[1,-915,[450],451]],[0,"a7jTkAWDxCvosFQmYF/ld2",1],[5,85,84]],[3,"icon",125,[[1,-916,[452],453]],[0,"feuh0jdDhEqK6FDODLVPeJ",1],[5,99,99]],[3,"circle",125,[[1,-917,[454],455]],[0,"f55clE2cJEwK192lb127e6",1],[5,85,84]],[3,"icon",126,[[1,-918,[456],457]],[0,"40vH/thT1Gdpfq9VyNyZ2C",1],[5,99,99]],[3,"circle",126,[[1,-919,[458],459]],[0,"93sCx4ab9C8JPZMOqfsET/",1],[5,85,84]],[3,"icon",127,[[1,-920,[460],461]],[0,"ddz5fK5qRE57Tn+iNdAhVz",1],[5,99,99]],[3,"circle",127,[[1,-921,[462],463]],[0,"009+PXxVtBDJjroGdp+MxH",1],[5,85,84]],[3,"icon",128,[[1,-922,[464],465]],[0,"47CJi1EddP1ZTkTyi2fNXk",1],[5,99,99]],[3,"circle",128,[[1,-923,[466],467]],[0,"b7OwPuZ8FFo7EK6qj4JDVg",1],[5,85,84]],[3,"icon",129,[[1,-924,[468],469]],[0,"57aJyXQatM6ocS0YSRyvaK",1],[5,99,99]],[3,"circle",129,[[1,-925,[470],471]],[0,"b6TxvaLGRCfJEg7k4wdnEF",1],[5,85,84]],[3,"icon",130,[[1,-926,[472],473]],[0,"82V8qin8VH2pDK6J68Y2Gv",1],[5,99,99]],[3,"circle",130,[[1,-927,[474],475]],[0,"31chPG+9dBTYC3CeJ9uXUX",1],[5,85,84]],[3,"icon",131,[[1,-928,[476],477]],[0,"06uK8cOzBK2JsBULyGxV9K",1],[5,99,99]],[3,"circle",131,[[1,-929,[478],479]],[0,"2ePiAguU1C/qFrNvEmbpc/",1],[5,85,84]],[10,"New Label",false,22,[[11,"10",150,150,false,1,1,-930,[494],495]],[0,"99MXKCQn9PNKIa8MxKq26x",1],[4,4278190080],[5,140.63,189],[-173.62,9,0,0,0,0,1,1,1,1]],[10,"New Label copy",false,22,[[11,"-",150,150,false,1,1,-931,[496],497]],[0,"45o/8yF8dNQZ4mzM8buCaH",1],[4,4278190080],[5,64.89,189],[-70.86000000000001,9,0,0,0,0,1,1,1,1]],[10,"New Label copy",false,22,[[11,"4",150,150,false,1,1,-932,[498],499]],[0,"91G3veEqlKEoXxOU+pdsB1",1],[4,4278190080],[5,85.55,189],[4.359999999999985,9,0,0,0,0,1,1,1,1]],[10,"New Label copy",false,22,[[11,"=",150,150,false,1,1,-933,[500],501]],[0,"2bSD9EkKdHoLWY7+CMoa8f",1],[4,4278190080],[5,111.25,189],[102.75999999999999,9,0,0,0,0,1,1,1,1]],[10,"New Label copy",false,22,[[11,"6",150,150,false,1,1,-934,[502],503]],[0,"c3JFrCqI5CQJ0SuAnmKb+d",1],[4,4278190080],[5,85.55,189],[201.16,9,0,0,0,0,1,1,1,1]],[10,"New Label",false,23,[[11,"6",150,150,false,1,1,-935,[506],507]],[0,"98TI/wi2lA0oBvCsH7rOF2",1],[4,4278190080],[5,85.55,189],[-196.8,9,0,0,0,0,1,1,1,1]],[10,"New Label copy",false,23,[[11,"+",150,150,false,1,1,-936,[508],509]],[0,"77lcrY4RNOaJRsSXNqA2XM",1],[4,4278190080],[5,111.25,189],[-98.4,9,0,0,0,0,1,1,1,1]],[10,"New Label copy",false,23,[[11,"3",150,150,false,1,1,-937,[510],511]],[0,"268uzmq0BFx5jGL78igyxq",1],[4,4278190080],[5,85.55,189],[-7.105427357601002e-15,9,0,0,0,0,1,1,1,1]],[10,"New Label copy",false,23,[[11,"=",150,150,false,1,1,-938,[512],513]],[0,"86nyv+++VJdZfKwKdCkw09",1],[4,4278190080],[5,111.25,189],[98.39999999999999,9,0,0,0,0,1,1,1,1]],[10,"New Label copy",false,23,[[11,"9",150,150,false,1,1,-939,[514],515]],[0,"f6d6HMItRFVJIR6Z1i9Yl6",1],[4,4278190080],[5,85.55,189],[196.79999999999998,9,0,0,0,0,1,1,1,1]],[3,"icon",56,[[1,-940,[522],523]],[0,"d27OCnNINDtL2JZZupJ8cl",1],[5,99,99]],[3,"circle",56,[[1,-941,[524],525]],[0,"35f1s5kPxHJKh7Z4afscvC",1],[5,85,84]],[3,"icon",57,[[1,-942,[526],527]],[0,"7cnK0sChdALZmS05n2KhQ+",1],[5,99,99]],[3,"circle",57,[[1,-943,[528],529]],[0,"f4mL+ewLFIF5NCniqqbVpb",1],[5,85,84]],[3,"icon",58,[[1,-944,[530],531]],[0,"e3A1HAgb5KPpf+EmXjnxmx",1],[5,99,99]],[3,"circle",58,[[1,-945,[532],533]],[0,"07GRDVcupMkL3xbyxGSg29",1],[5,85,84]],[3,"icon",59,[[1,-946,[534],535]],[0,"56XYB1QyFBRpK5wZf6seWI",1],[5,99,99]],[3,"circle",59,[[1,-947,[536],537]],[0,"d2NvHFGdZGcZRV9a9N89mQ",1],[5,85,84]],[3,"icon",60,[[1,-948,[538],539]],[0,"b7pkwEU35LFIGDDQErNxTO",1],[5,99,99]],[3,"circle",60,[[1,-949,[540],541]],[0,"49bRkSZ59MNaysKcmoqADr",1],[5,85,84]],[3,"icon",61,[[1,-950,[542],543]],[0,"d0G7WkUxtA8KM1NIsi+g3t",1],[5,99,99]],[3,"circle",61,[[1,-951,[544],545]],[0,"426lEnnI9E+JIQgwtO86nK",1],[5,85,84]],[3,"icon",62,[[1,-952,[546],547]],[0,"84zdhecjhNaqOHSen7v9nZ",1],[5,99,99]],[3,"circle",62,[[1,-953,[548],549]],[0,"e4UhD/l/dG/akMwTo3OocL",1],[5,85,84]],[3,"icon",63,[[1,-954,[550],551]],[0,"3df4jqAC1PI6OCQHGObZlQ",1],[5,99,99]],[3,"circle",63,[[1,-955,[552],553]],[0,"91OhxfHGpCWroXQaRY/BUl",1],[5,85,84]],[3,"icon",64,[[1,-956,[554],555]],[0,"09+9lV6RFNwI7DJ9UgHkDT",1],[5,99,99]],[3,"circle",64,[[1,-957,[556],557]],[0,"3486BckKhAPYAHkDa9xn19",1],[5,85,84]],[3,"icon",65,[[1,-958,[558],559]],[0,"bbQMVv7LNAIpyEyDE6nHcQ",1],[5,99,99]],[3,"circle",65,[[1,-959,[560],561]],[0,"7cbFo/0ulOJpn3H0/2VI1E",1],[5,85,84]],[3,"icon",66,[[1,-960,[562],563]],[0,"3a/gqeoV5OoIibJLmmuL8m",1],[5,99,99]],[3,"circle",66,[[1,-961,[564],565]],[0,"9bE+7++pNOAZyDSf8+0eq8",1],[5,85,84]],[3,"icon",67,[[1,-962,[566],567]],[0,"9fioCZgNBMepBkA66r+GQP",1],[5,99,99]],[3,"circle",67,[[1,-963,[568],569]],[0,"a1xPccCHdGN4e+56iFhM0+",1],[5,85,84]],[3,"icon",68,[[1,-964,[570],571]],[0,"0fkOLamhRMtZWWirO0Nlme",1],[5,99,99]],[3,"circle",68,[[1,-965,[572],573]],[0,"6b/kYGlo5BdbhiMMiTFn7P",1],[5,85,84]],[3,"icon",69,[[1,-966,[574],575]],[0,"9cZEJll0JGabxRfnlixWXD",1],[5,99,99]],[3,"circle",69,[[1,-967,[576],577]],[0,"3cWsTUz75DRrvV2sJ6BFJ6",1],[5,85,84]],[3,"icon",70,[[1,-968,[578],579]],[0,"95wne3ksFPE5rnF0IlQQoN",1],[5,99,99]],[3,"circle",70,[[1,-969,[580],581]],[0,"8ePILpmU1KQIjZ0o55A4m0",1],[5,85,84]],[3,"icon",71,[[1,-970,[582],583]],[0,"6812huwWBLOZjQXEQaXZgz",1],[5,99,99]],[3,"circle",71,[[1,-971,[584],585]],[0,"ddQVEsihRITbnsgdQ1tWFp",1],[5,85,84]],[3,"icon",72,[[1,-972,[586],587]],[0,"f1jxQbsA9N7Z20Mr2yYlsi",1],[5,99,99]],[3,"circle",72,[[1,-973,[588],589]],[0,"c2SCxOGQVBIbbZLtn23CLz",1],[5,85,84]],[3,"icon",73,[[1,-974,[590],591]],[0,"c1gvKxD0hLq4ox0S9tLhg9",1],[5,99,99]],[3,"circle",73,[[1,-975,[592],593]],[0,"1fr5dL4f5OkYv7cTJB6qiz",1],[5,85,84]],[3,"icon",74,[[1,-976,[594],595]],[0,"98Jh8tCjlBxKfSgCEv59YK",1],[5,99,99]],[3,"circle",74,[[1,-977,[596],597]],[0,"aaGq8ltg1FZogtkwJ8ShCW",1],[5,85,84]],[3,"icon",75,[[1,-978,[598],599]],[0,"5bIegU4opI9ZiMTTPPzqo7",1],[5,99,99]],[3,"circle",75,[[1,-979,[600],601]],[0,"d2i4Z6RktPcZm77AFw1OOx",1],[5,85,84]]],0,[0,10,1,0,-1,9,0,-2,11,0,-3,12,0,-4,4,0,0,1,0,0,1,0,0,1,0,-1,9,0,-2,11,0,-3,12,0,-4,4,0,0,2,0,-1,56,0,-2,57,0,-3,58,0,-4,59,0,-5,60,0,-6,61,0,-7,62,0,-8,63,0,-9,64,0,-10,65,0,-11,66,0,-12,67,0,-13,68,0,-14,69,0,-15,70,0,-16,71,0,-17,72,0,-18,73,0,-19,74,0,-20,75,0,0,3,0,-1,24,0,-2,25,0,-3,26,0,-4,27,0,-5,28,0,-6,29,0,-7,30,0,-8,31,0,-9,32,0,-10,33,0,-11,34,0,-12,35,0,-13,36,0,11,113,0,12,112,0,13,6,0,14,5,0,15,17,0,7,114,0,16,23,0,17,22,0,18,134,0,19,133,0,0,4,0,-1,270,0,-2,271,0,-3,272,0,-4,273,0,-5,274,0,-6,121,0,-7,78,0,-8,79,0,-9,132,0,-10,114,0,-11,22,0,-12,23,0,-13,133,0,-14,134,0,0,5,0,6,112,0,0,5,0,0,6,0,6,113,0,0,6,0,-1,37,0,-2,38,0,-3,39,0,-4,40,0,-5,41,0,-6,42,0,-7,43,0,-8,44,0,-9,45,0,-10,46,0,0,8,0,-1,47,0,-2,48,0,-3,49,0,-4,50,0,-5,51,0,-6,52,0,-7,53,0,-8,54,0,-9,55,0,6,88,0,20,10,0,21,16,0,7,89,0,8,19,0,9,115,0,0,9,0,-1,135,0,-2,136,0,-3,16,0,-4,76,0,-5,115,0,-6,153,0,-7,154,0,-8,116,0,-9,89,0,-11,19,0,0,10,0,0,10,0,6,88,0,0,10,0,22,18,0,23,13,0,7,99,0,8,20,0,9,117,0,0,11,0,-1,186,0,-2,187,0,-3,90,0,-4,91,0,-5,117,0,-6,118,0,-7,99,0,-9,20,0,6,110,0,24,15,0,25,14,0,7,111,0,8,21,0,9,120,0,0,12,0,-1,227,0,-2,228,0,-3,100,0,-4,21,0,-6,119,0,-7,111,0,-8,120,0,0,13,0,0,13,0,0,13,0,0,14,0,0,14,0,0,14,0,-1,101,0,-2,102,0,-3,103,0,-4,104,0,-5,105,0,-6,106,0,-7,107,0,-8,108,0,-9,109,0,0,15,0,0,15,0,6,110,0,0,15,0,0,16,0,0,16,0,0,16,0,-1,80,0,-2,81,0,-3,82,0,-4,83,0,-5,84,0,-6,85,0,-7,86,0,-8,87,0,0,17,0,-1,122,0,-2,123,0,-3,124,0,-4,125,0,-5,126,0,-6,127,0,-7,128,0,-8,129,0,-9,130,0,-10,131,0,0,18,0,0,18,0,-1,92,0,-2,93,0,-3,94,0,-4,95,0,-5,96,0,-6,97,0,-7,98,0,0,19,0,0,19,0,0,19,0,-1,181,0,-2,182,0,-3,183,0,-4,184,0,-5,185,0,0,20,0,0,20,0,0,20,0,-1,222,0,-2,223,0,-3,224,0,-4,225,0,-5,226,0,0,21,0,0,21,0,0,21,0,-1,247,0,-2,248,0,-3,249,0,-4,250,0,-5,251,0,0,22,0,0,22,0,0,22,0,-1,295,0,-2,296,0,-3,297,0,-4,298,0,-5,299,0,0,23,0,0,23,0,0,23,0,-1,300,0,-2,301,0,-3,302,0,-4,303,0,-5,304,0,0,24,0,0,24,0,2,24,0,2,24,0,2,24,0,0,24,0,-1,155,0,-2,156,0,0,25,0,0,25,0,2,25,0,2,25,0,2,25,0,0,25,0,-1,157,0,-2,158,0,0,26,0,0,26,0,2,26,0,2,26,0,2,26,0,0,26,0,-1,159,0,-2,160,0,0,27,0,0,27,0,2,27,0,2,27,0,2,27,0,0,27,0,-1,161,0,-2,162,0,0,28,0,0,28,0,2,28,0,2,28,0,2,28,0,0,28,0,-1,163,0,-2,164,0,0,29,0,0,29,0,2,29,0,2,29,0,2,29,0,0,29,0,-1,165,0,-2,166,0,0,30,0,0,30,0,2,30,0,2,30,0,2,30,0,0,30,0,-1,167,0,-2,168,0,0,31,0,0,31,0,2,31,0,2,31,0,2,31,0,0,31,0,-1,169,0,-2,170,0,0,32,0,0,32,0,2,32,0,2,32,0,2,32,0,0,32,0,-1,171,0,-2,172,0,0,33,0,0,33,0,2,33,0,2,33,0,2,33,0,0,33,0,-1,173,0,-2,174,0,0,34,0,0,34,0,2,34,0,2,34,0,2,34,0,0,34,0,-1,175,0,-2,176,0,0,35,0,0,35,0,2,35,0,2,35,0,2,35,0,0,35,0,-1,177,0,-2,178,0,0,36,0,0,36,0,2,36,0,2,36,0,2,36,0,0,36,0,-1,179,0,-2,180,0,0,37,0,0,37,0,2,37,0,2,37,0,2,37,0,0,37,0,-1,202,0,-2,203,0,0,38,0,0,38,0,2,38,0,2,38,0,2,38,0,0,38,0,-1,204,0,-2,205,0,0,39,0,0,39,0,2,39,0,2,39,0,2,39,0,0,39,0,-1,206,0,-2,207,0,0,40,0,0,40,0,2,40,0,2,40,0,2,40,0,0,40,0,-1,208,0,-2,209,0,0,41,0,0,41,0,2,41,0,2,41,0,2,41,0,0,41,0,-1,210,0,-2,211,0,0,42,0,0,42,0,2,42,0,2,42,0,2,42,0,0,42,0,-1,212,0,-2,213,0,0,43,0,0,43,0,2,43,0,2,43,0,2,43,0,0,43,0,-1,214,0,-2,215,0,0,44,0,0,44,0,2,44,0,2,44,0,2,44,0,0,44,0,-1,216,0,-2,217,0,0,45,0,0,45,0,2,45,0,2,45,0,2,45,0,0,45,0,-1,218,0,-2,219,0,0,46,0,0,46,0,2,46,0,2,46,0,2,46,0,0,46,0,-1,220,0,-2,221,0,0,47,0,0,47,0,2,47,0,2,47,0,2,47,0,0,47,0,-1,252,0,-2,253,0,0,48,0,0,48,0,2,48,0,2,48,0,2,48,0,0,48,0,-1,254,0,-2,255,0,0,49,0,0,49,0,2,49,0,2,49,0,2,49,0,0,49,0,-1,256,0,-2,257,0,0,50,0,0,50,0,2,50,0,2,50,0,2,50,0,0,50,0,-1,258,0,-2,259,0,0,51,0,0,51,0,2,51,0,2,51,0,2,51,0,0,51,0,-1,260,0,-2,261,0,0,52,0,0,52,0,2,52,0,2,52,0,2,52,0,0,52,0,-1,262,0,-2,263,0,0,53,0,0,53,0,2,53,0,2,53,0,2,53,0,0,53,0,-1,264,0,-2,265,0,0,54,0,0,54,0,2,54,0,2,54,0,2,54,0,0,54,0,-1,266,0,-2,267,0,0,55,0,0,55,0,2,55,0,2,55,0,2,55,0,0,55,0,-1,268,0,-2,269,0,0,56,0,2,56,0,2,56,0,2,56,0,0,56,0,-1,305,0,-2,306,0,0,57,0,2,57,0,2,57,0,2,57,0,0,57,0,-1,307,0,-2,308,0,0,58,0,2,58,0,2,58,0,2,58,0,0,58,0,-1,309,0,-2,310,0,0,59,0,2,59,0,2,59,0,2,59,0,0,59,0,-1,311,0,-2,312,0,0,60,0,2,60,0,2,60,0,2,60,0,0,60,0,-1,313,0,-2,314,0,0,61,0,2,61,0,2,61,0,2,61,0,0,61,0,-1,315,0,-2,316,0,0,62,0,2,62,0,2,62,0,2,62,0,0,62,0,-1,317,0,-2,318,0,0,63,0,2,63,0,2,63,0,2,63,0,0,63,0,-1,319,0,-2,320,0,0,64,0,2,64,0,2,64,0,2,64,0,0,64,0,-1,321,0,-2,322,0,0,65,0,2,65,0,2,65,0,2,65,0,0,65,0,-1,323,0,-2,324,0,0,66,0,2,66,0,2,66,0,2,66,0,0,66,0,-1,325,0,-2,326,0,0,67,0,2,67,0,2,67,0,2,67,0,0,67,0,-1,327,0,-2,328,0,0,68,0,2,68,0,2,68,0,2,68,0,0,68,0,-1,329,0,-2,330,0,0,69,0,2,69,0,2,69,0,2,69,0,0,69,0,-1,331,0,-2,332,0,0,70,0,2,70,0,2,70,0,2,70,0,0,70,0,-1,333,0,-2,334,0,0,71,0,2,71,0,2,71,0,2,71,0,0,71,0,-1,335,0,-2,336,0,0,72,0,2,72,0,2,72,0,2,72,0,0,72,0,-1,337,0,-2,338,0,0,73,0,2,73,0,2,73,0,2,73,0,0,73,0,-1,339,0,-2,340,0,0,74,0,2,74,0,2,74,0,2,74,0,0,74,0,-1,341,0,-2,342,0,0,75,0,2,75,0,2,75,0,2,75,0,0,75,0,-1,343,0,-2,344,0,0,76,0,0,76,0,0,76,0,-2,88,0,0,77,0,0,77,0,-2,110,0,0,78,0,0,78,0,-2,112,0,0,79,0,0,79,0,-2,113,0,0,80,0,-1,137,0,-2,138,0,0,81,0,-1,139,0,-2,140,0,0,82,0,-1,141,0,-2,142,0,0,83,0,-1,143,0,-2,144,0,0,84,0,-1,145,0,-2,146,0,0,85,0,-1,147,0,-2,148,0,0,86,0,-1,149,0,-2,150,0,0,87,0,-1,151,0,-2,152,0,0,88,0,0,89,0,0,89,0,0,90,0,0,90,0,0,91,0,0,91,0,0,92,0,-1,188,0,-2,189,0,0,93,0,-1,190,0,-2,191,0,0,94,0,-1,192,0,-2,193,0,0,95,0,-1,194,0,-2,195,0,0,96,0,-1,196,0,-2,197,0,0,97,0,-1,198,0,-2,199,0,0,98,0,-1,200,0,-2,201,0,0,99,0,0,99,0,0,100,0,0,101,0,-1,229,0,-2,230,0,0,102,0,-1,231,0,-2,232,0,0,103,0,-1,233,0,-2,234,0,0,104,0,-1,235,0,-2,236,0,0,105,0,-1,237,0,-2,238,0,0,106,0,-1,239,0,-2,240,0,0,107,0,-1,241,0,-2,242,0,0,108,0,-1,243,0,-2,244,0,0,109,0,-1,245,0,-2,246,0,0,110,0,0,111,0,0,111,0,0,112,0,0,113,0,0,114,0,0,114,0,0,115,0,0,116,0,0,116,0,0,117,0,0,118,0,0,118,0,0,119,0,0,119,0,0,120,0,0,121,0,-1,275,0,-2,276,0,-1,277,0,-2,278,0,-1,279,0,-2,280,0,-1,281,0,-2,282,0,-1,283,0,-2,284,0,-1,285,0,-2,286,0,-1,287,0,-2,288,0,-1,289,0,-2,290,0,-1,291,0,-2,292,0,-1,293,0,-2,294,0,0,132,0,0,132,0,0,133,0,0,134,0,0,135,0,0,136,0,0,137,0,0,138,0,0,139,0,0,140,0,0,141,0,0,142,0,0,143,0,0,144,0,0,145,0,0,146,0,0,147,0,0,148,0,0,149,0,0,150,0,0,151,0,0,152,0,0,153,0,0,154,0,0,155,0,0,156,0,0,157,0,0,158,0,0,159,0,0,160,0,0,161,0,0,162,0,0,163,0,0,164,0,0,165,0,0,166,0,0,167,0,0,168,0,0,169,0,0,170,0,0,171,0,0,172,0,0,173,0,0,174,0,0,175,0,0,176,0,0,177,0,0,178,0,0,179,0,0,180,0,0,181,0,0,182,0,0,183,0,0,184,0,0,185,0,0,186,0,0,187,0,0,188,0,0,189,0,0,190,0,0,191,0,0,192,0,0,193,0,0,194,0,0,195,0,0,196,0,0,197,0,0,198,0,0,199,0,0,200,0,0,201,0,0,202,0,0,203,0,0,204,0,0,205,0,0,206,0,0,207,0,0,208,0,0,209,0,0,210,0,0,211,0,0,212,0,0,213,0,0,214,0,0,215,0,0,216,0,0,217,0,0,218,0,0,219,0,0,220,0,0,221,0,0,222,0,0,223,0,0,224,0,0,225,0,0,226,0,0,227,0,0,228,0,0,229,0,0,230,0,0,231,0,0,232,0,0,233,0,0,234,0,0,235,0,0,236,0,0,237,0,0,238,0,0,239,0,0,240,0,0,241,0,0,242,0,0,243,0,0,244,0,0,245,0,0,246,0,0,247,0,0,248,0,0,249,0,0,250,0,0,251,0,0,252,0,0,253,0,0,254,0,0,255,0,0,256,0,0,257,0,0,258,0,0,259,0,0,260,0,0,261,0,0,262,0,0,263,0,0,264,0,0,265,0,0,266,0,0,267,0,0,268,0,0,269,0,0,270,0,0,271,0,0,272,0,0,273,0,0,274,0,0,275,0,0,276,0,0,277,0,0,278,0,0,279,0,0,280,0,0,281,0,0,282,0,0,283,0,0,284,0,0,285,0,0,286,0,0,287,0,0,288,0,0,289,0,0,290,0,0,291,0,0,292,0,0,293,0,0,294,0,0,295,0,0,296,0,0,297,0,0,298,0,0,299,0,0,300,0,0,301,0,0,302,0,0,303,0,0,304,0,0,305,0,0,306,0,0,307,0,0,308,0,0,309,0,0,310,0,0,311,0,0,312,0,0,313,0,0,314,0,0,315,0,0,316,0,0,317,0,0,318,0,0,319,0,0,320,0,0,321,0,0,322,0,0,323,0,0,324,0,0,325,0,0,326,0,0,327,0,0,328,0,0,329,0,0,330,0,0,331,0,0,332,0,0,333,0,0,334,0,0,335,0,0,336,0,0,337,0,0,338,0,0,339,0,0,340,0,0,341,0,0,342,0,0,343,0,0,344,0,26,1,2,5,4,3,5,9,5,5,78,6,5,79,7,5,11,8,5,12,10,5,76,13,5,90,14,5,100,15,5,77,17,5,121,18,5,91,77,5,100,979],[0,0,0,0,0,0,0,0,0,0,0,0,0,0,0,0,0,0,0,0,0,0,0,0,0,0,0,0,0,0,0,0,0,0,0,0,0,0,0,0,0,0,0,0,0,0,0,0,0,0,0,0,0,0,0,0,0,0,0,0,0,0,0,0,0,0,0,0,0,0,0,0,0,0,0,0,0,0,0,0,0,0,0,0,0,0,0,0,0,0,0,0,0,0,0,0,0,0,0,0,0,0,0,0,0,0,0,0,0,0,0,0,0,0,0,0,0,0,0,0,0,0,0,0,0,0,0,0,0,0,0,0,0,0,0,0,0,0,0,0,0,0,0,0,0,0,0,0,0,0,0,0,0,0,0,0,0,0,0,0,0,0,0,0,0,0,0,0,0,0,0,0,0,0,0,0,0,0,0,0,0,0,0,0,0,0,0,0,0,0,0,0,0,0,0,0,0,0,0,0,0,0,0,0,0,0,0,0,0,0,0,0,0,0,0,0,0,0,0,0,0,0,0,0,0,0,0,0,0,0,0,0,0,0,0,0,0,0,0,0,0,0,0,0,0,0,0,0,0,0,0,0,0,0,0,0,0,0,0,0,0,0,0,0,0,0,0,0,0,0,0,0,0,0,0,0,0,0,0,0,0,0,0,0,0,0,0,0,0,0,0,0,0,0,0,0,0,0,0,0,0,0,0,0,0,0,0,0,0,0,0,0,0,0,0,0,0,0,0,0,0,0,0,0,0,0,0,0,0,0,0,0,0,0,0,0,0,0,0,0,0,0,0,0,0,0,0,0,0,0,0,0,0,0,0,0,0,0,0,0,0,0,0,0,0,0,0,0,0,0,0,0,0,0,0,0,0,0,0,0,0,0,0,0,0,0,0,0,0,0,0,0,0,0,0,0,0,0,0,0,0,0,0,0,0,0,0,0,0,0,0,0,0,0,0,0,0,0,0,0,0,0,0,0,0,0,0,0,0,0,0,0,0,0,0,0,0,0,0,0,0,0,0,0,0,0,0,0,0,0,0,0,0,0,0,0,0,0,0,0,0,0,0,0,0,0,0,0,0,0,0,0,0,0,0,0,0,0,0,0,0,0,0,0,0,0,0,0,0,0,0,0,0,0,0,0,0,0,0,0,0,0,0,0,0,0,0,0,0,0,0,0,0,0,0,0,0,0,0,0,0,0,0,0,0,0,0,0,0,0,0,0,0,0,0,0,0,0,0,0,0,0,0,0,0,0,0,0,0,0,0,0,0,0,0,0,0,0,0,0,0,0,0,0,0,0,0,0,0,0,0,0,0,0,0,0,0,0,0,0,0,0,0,0,0,0,0,0,0,0,0,0,0,0,0,0,0,0,0,0,0,0,0,0,0],[-1,1,-1,1,-1,1,-1,1,-1,1,-1,1,-1,1,-1,1,-1,1,-1,1,-1,1,-1,1,-1,1,-1,1,-1,1,-1,1,-1,1,-1,1,-1,1,-1,1,-1,1,-1,1,-1,1,-1,1,-1,1,-1,1,-1,1,-1,1,-1,1,-1,1,-1,1,-1,1,-1,1,-1,1,-1,1,-1,1,-1,1,-1,1,-1,1,-1,1,-1,1,-1,1,-1,1,-1,1,-1,1,-1,1,-1,1,-1,1,-1,1,-1,1,-1,1,-1,1,-1,1,-1,1,-1,1,-1,1,-1,1,-1,1,-1,1,-1,1,-1,1,-1,1,-1,1,-1,1,-1,1,-1,1,-1,1,-1,1,-1,1,-1,1,-1,1,-1,1,-1,1,-1,1,-1,1,-1,4,-1,4,-1,4,-1,4,-1,4,-1,1,-1,1,-1,1,-1,1,-1,1,-1,1,-1,1,-1,1,-1,1,-1,1,-1,1,-1,1,-1,1,-1,1,-1,1,-1,1,-1,1,-1,1,-1,1,-1,1,-1,1,-1,1,-1,1,-1,1,-1,1,-1,1,-1,1,-1,1,-1,1,-1,1,-1,1,-1,1,-1,1,-1,1,-1,1,-1,1,-1,1,-1,1,-1,1,-1,1,-1,1,-1,1,-1,1,-1,1,-1,1,-1,1,-1,1,-1,1,-1,1,-1,1,-1,1,-1,1,-1,1,-1,1,-1,1,-1,1,-1,1,-1,1,-1,1,-1,4,-1,4,-1,4,-1,4,-1,4,-1,1,-1,1,-1,1,-1,1,-1,1,-1,1,-1,1,-1,1,-1,1,-1,1,-1,1,-1,1,-1,1,-1,1,-1,1,-1,1,-1,1,-1,1,-1,1,-1,1,-1,1,-1,1,-1,1,-1,1,-1,1,-1,1,-1,1,-1,1,-1,1,-1,1,-1,1,-1,1,-1,1,-1,1,-1,4,-1,4,-1,4,-1,4,-1,4,-1,1,-1,1,-1,1,-1,1,-1,1,-1,1,-1,1,-1,1,-1,1,-1,1,-1,1,-1,1,-1,1,-1,1,-1,1,-1,1,-1,1,-1,1,-1,1,-1,1,-1,1,-1,1,-1,1,-1,1,-1,1,-1,1,-1,1,-1,1,-1,1,-1,1,-1,1,-1,1,-1,1,-1,1,-1,1,-1,1,-1,1,-1,1,-1,1,-1,1,-1,1,-1,1,-1,1,-1,1,-1,1,-1,1,-1,1,-1,1,-1,1,-1,1,-1,1,-1,1,-1,1,-1,1,-1,1,-1,1,-1,1,-1,1,-1,1,-1,1,-1,1,-1,1,-1,1,-1,1,-1,4,-1,4,-1,4,-1,4,-1,4,-1,1,-1,4,-1,4,-1,4,-1,4,-1,4,-1,1,-1,1,-1,1,-1,1,-1,1,-1,1,-1,1,-1,1,-1,1,-1,1,-1,1,-1,1,-1,1,-1,1,-1,1,-1,1,-1,1,-1,1,-1,1,-1,1,-1,1,-1,1,-1,1,-1,1,-1,1,-1,1,-1,1,-1,1,-1,1,-1,1,-1,1,-1,1,-1,1,-1,1,-1,1,-1,1,-1,1,-1,1,-1,1,-1,1,-1,1,-1,1,-1,1,-1,1,-1],[0,32,0,33,0,1,0,2,0,2,0,1,0,2,0,2,0,1,0,2,0,2,0,1,0,2,0,2,0,1,0,2,0,2,0,1,0,2,0,2,0,1,0,2,0,2,0,1,0,2,0,2,0,11,0,11,0,34,0,11,0,8,0,35,0,36,0,9,0,10,0,2,0,1,0,2,0,2,0,1,0,2,0,2,0,1,0,2,0,2,0,1,0,2,0,2,0,1,0,2,0,2,0,1,0,2,0,2,0,1,0,2,0,2,0,1,0,2,0,2,0,1,0,2,0,2,0,1,0,2,0,2,0,1,0,2,0,2,0,1,0,2,0,2,0,1,0,2,0,12,0,5,0,5,0,5,0,5,0,5,0,13,0,37,0,38,0,39,0,16,0,7,0,16,0,17,0,7,0,17,0,18,0,7,0,18,0,19,0,7,0,19,0,20,0,7,0,20,0,21,0,7,0,21,0,22,0,7,0,22,0,40,0,41,0,9,0,10,0,6,0,7,0,6,0,6,0,7,0,6,0,6,0,7,0,6,0,6,0,7,0,6,0,6,0,7,0,6,0,6,0,7,0,6,0,6,0,7,0,6,0,6,0,7,0,6,0,6,0,7,0,6,0,6,0,7,0,6,0,5,0,5,0,5,0,5,0,5,0,23,0,42,0,43,0,3,0,1,0,3,0,3,0,1,0,3,0,3,0,1,0,3,0,3,0,1,0,3,0,3,0,1,0,3,0,3,0,1,0,3,0,3,0,1,0,3,0,3,0,1,0,3,0,3,0,1,0,3,0,14,0,14,0,14,0,44,0,5,0,5,0,5,0,5,0,5,0,23,0,3,0,1,0,3,0,3,0,1,0,3,0,3,0,1,0,3,0,3,0,1,0,3,0,3,0,1,0,3,0,3,0,1,0,3,0,3,0,1,0,3,0,3,0,1,0,3,0,3,0,1,0,3,0,12,0,9,0,10,0,8,0,45,0,46,0,47,0,48,0,49,0,4,0,1,0,4,0,1,0,4,0,1,0,4,0,1,0,4,0,1,0,4,0,1,0,4,0,1,0,4,0,1,0,4,0,1,0,4,0,1,0,15,0,24,0,15,0,24,0,15,0,9,0,10,0,5,0,5,0,5,0,5,0,5,0,13,0,5,0,5,0,5,0,5,0,5,0,13,0,8,0,8,0,4,0,1,0,4,0,1,0,4,0,1,0,4,0,1,0,4,0,1,0,4,0,1,0,4,0,1,0,4,0,1,0,4,0,1,0,4,0,1,0,4,0,1,0,4,0,1,0,4,0,1,0,4,0,1,0,4,0,1,0,4,0,1,0,4,0,1,0,4,0,1,0,4,0,1,0,4,0,1,0,12,0]],[[{"name":"第三题_白色描边","rect":[0,0,1522,198],"offset":[0,0],"originalSize":[1522,198],"capInsets":[0,0,0,0]}],[0],0,[0],[3],[50]],[[{"name":"2","rect":[0,0,179,327],"offset":[0,0],"originalSize":[179,327],"capInsets":[0,0,0,0]}],[0],0,[0],[3],[51]],[[{"name":"第二队","rect":[0,0,239,243],"offset":[0,0],"originalSize":[239,243],"capInsets":[0,0,0,0]}],[0],0,[0],[3],[52]],[[{"name":"尖尖","rect":[0,0,397,221],"offset":[0,0],"originalSize":[397,221],"capInsets":[0,0,0,0]}],[0],0,[0],[3],[53]],[[{"name":"鱼","rect":[0,0,76,119],"offset":[0,0],"originalSize":[76,119],"capInsets":[0,0,0,0]}],[0],0,[0],[3],[54]],[[{"name":"下小人","rect":[0,0,181,332],"offset":[0,0],"originalSize":[181,332],"capInsets":[0,0,0,0]}],[0],0,[0],[3],[55]],[[{"name":"左4","rect":[0,0,172,327],"offset":[0,0],"originalSize":[172,327],"capInsets":[0,0,0,0]}],[0],0,[0],[3],[56]],[[{"name":"方方","rect":[0,0,214,220],"offset":[0,0],"originalSize":[214,220],"capInsets":[0,0,0,0]}],[0],0,[0],[3],[57]],[[{"name":"1","rect":[0,0,181,321],"offset":[0,0],"originalSize":[181,321],"capInsets":[0,0,0,0]}],[0],0,[0],[3],[58]],[[{"name":"第四题_白色描边","rect":[0,0,1223,194],"offset":[0,0],"originalSize":[1223,194],"capInsets":[0,0,0,0]}],[0],0,[0],[3],[59]],[[{"name":"红圈","rect":[0,0,85,84],"offset":[0,0],"originalSize":[85,84],"capInsets":[0,0,0,0]}],[0],0,[0],[3],[60]],[[{"name":"bg_3","rect":[0,0,2048,1152],"offset":[0,0],"originalSize":[2048,1152],"capInsets":[0,0,0,0]}],[0],0,[0],[3],[61]],[[{"name":"红圈","rect":[0,0,85,84],"offset":[0,0],"originalSize":[85,84],"capInsets":[0,0,0,0]}],[0],0,[0],[3],[62]],[[{"name":"游戏币","rect":[0,0,99,99],"offset":[0,0],"originalSize":[99,99],"capInsets":[0,0,0,0]}],[0],0,[0],[3],[63]],[[{"name":"bg_2","rect":[0,0,2048,1152],"offset":[0,0],"originalSize":[2048,1152],"capInsets":[0,0,0,0]}],[0],0,[0],[3],[64]],[[{"name":"标题","rect":[0,0,1717,122],"offset":[0,0],"originalSize":[1717,122],"capInsets":[0,0,0,0]}],[0],0,[0],[3],[65]],[[{"name":"左五","rect":[0,0,207,328],"offset":[0,0],"originalSize":[207,328],"capInsets":[0,0,0,0]}],[0],0,[0],[3],[66]],[[{"name":"鱼塘","rect":[0,0,1364,314],"offset":[0,0],"originalSize":[1364,314],"capInsets":[0,0,0,0]}],[0],0,[0],[3],[67]],[[{"name":"柜子","rect":[0,0,1595,695],"offset":[0,0],"originalSize":[1595,695],"capInsets":[0,0,0,0]}],[0],0,[0],[3],[68]],[[{"name":"bg_1","rect":[0,0,2048,1152],"offset":[0,0],"originalSize":[2048,1152],"capInsets":[0,0,0,0]}],[0],0,[0],[3],[69]],[[{"name":"标题","rect":[0,0,1717,122],"offset":[0,0],"originalSize":[1717,122],"capInsets":[0,0,0,0]}],[0],0,[0],[3],[70]],[[{"name":"熊","rect":[0,0,130,157],"offset":[0,0],"originalSize":[130,157],"capInsets":[0,0,0,0]}],[0],0,[0],[3],[71]],[[{"name":"红线","rect":[0,0,8,536],"offset":[0,0],"originalSize":[8,536],"capInsets":[0,0,0,0]}],[0],0,[0],[3],[72]],[[{"name":"放置框","rect":[0,0,1244,219],"offset":[0,0],"originalSize":[1244,219],"capInsets":[0,0,0,0]}],[0],0,[0],[3],[73]],[[{"name":"左七","rect":[0,0,194,330],"offset":[0,0],"originalSize":[194,330],"capInsets":[0,0,0,0]}],[0],0,[0],[3],[74]],[[{"name":"提交按钮","rect":[0,0,150,152],"offset":[0,0],"originalSize":[150,152],"capInsets":[0,0,0,0]}],[0],0,[0],[3],[75]],[[{"name":"蓝精灵","rect":[0,0,211,245],"offset":[0,0],"originalSize":[211,245],"capInsets":[0,0,0,0]}],[0],0,[0],[3],[76]],[[{"name":"放置框发光","rect":[0,0,1457,366],"offset":[0,0],"originalSize":[1457,366],"capInsets":[0,0,0,0]}],[0],0,[0],[3],[77]],[[{"name":"标题","rect":[0,0,1716,122],"offset":[0,0],"originalSize":[1716,122],"capInsets":[0,0,0,0]}],[0],0,[0],[3],[78]],[[{"name":"方方","rect":[0,0,476,332],"offset":[0,0],"originalSize":[476,332],"capInsets":[0,0,0,0]}],[0],0,[0],[3],[79]],[[{"name":"魔法棒","rect":[0,0,150,152],"offset":[0,0],"originalSize":[150,152],"capInsets":[0,0,0,0]}],[0],0,[0],[3],[80]],[[{"name":"尖尖","rect":[0,0,230,162],"offset":[0,0],"originalSize":[230,162],"capInsets":[0,0,0,0]}],[0],0,[0],[3],[81]],[[{"name":"算数区","rect":[0,0,900,255],"offset":[0,0],"originalSize":[900,255],"capInsets":[0,0,0,0]}],[0],0,[0],[3],[82]],[[{"name":"红线","rect":[0,0,8,536],"offset":[0,0],"originalSize":[8,536],"capInsets":[0,0,0,0]}],[0],0,[0],[3],[83]]]]